R#,PLAYER,POS,TEAM,GP,MPG,FG%,FT%,3PM,PTS,TREB,AST,STL,BLK,TO,TOTAL
1,Shai Gilgeous-Alexander,"PG,SG",OKC,14,34.5,0.512(12.2/23.9),0.926(8.1/8.8),2.4,35.0,4.5,6.9,1.3,0.8,1.9,13.02
2,Nikola Jokic,C,DEN,11,38.4,0.554(11.2/20.2),0.747(5.6/7.6),1.4,29.4,13.6,9.4,1.6,0.8,3.5,11.76
3,Tyrese Haliburton,"PG,SG",IND,11,31.7,0.506(7.2/14.2),0.907(2.6/2.9),2.9,19.9,3.8,11.1,2.1,0.3,1.0,9.97
4,Luka Doncic,"PG,SG",LAL,15,36.9,0.433(9.2/21.3),0.811(8.0/9.9),4.4,30.8,8.1,8.3,1.7,0.4,4.5,9.69
5,Jayson Tatum,"SF,PF",BOS,11,36.6,0.464(10.6/22.9),0.876(5.2/5.9),3.4,29.8,8.9,7.1,0.9,0.6,3.6,9.17
6,James Harden,"PG,SG",LAC,15,37.0,0.422(7.0/16.6),0.860(7.8/9.1),3.4,25.2,5.5,9.0,1.3,0.7,3.6,8.82
7,Trae Young,PG,ATL,13,35.2,0.434(7.9/18.2),0.949(7.1/7.5),2.4,25.3,3.3,11.5,1.2,0.0,4.7,8.02
8,Kevin Durant,"SF,PF",PHO,15,36.7,0.521(9.1/17.4),0.874(5.1/5.8),3.3,26.5,6.0,4.5,0.6,1.0,3.5,7.93
9,Stephen Curry,"PG,SG",GS,11,33.0,0.442(7.6/17.1),0.911(5.6/6.1),4.2,24.8,3.9,6.1,1.3,0.4,3.2,7.58
10,Josh Giddey,"PG,SG,SF",CHI,10,34.4,0.490(7.2/14.7),0.770(4.7/6.1),1.6,20.7,9.6,9.2,1.5,0.7,2.9,7.46
11,Mark Williams,C,CHA,12,28.0,0.697(6.5/9.3),0.832(2.1/2.5),0.0,15.1,10.9,3.3,0.9,1.7,1.9,7.33
12,Kristaps Porzingis,"PF,C",BOS,6,28.4,0.555(7.7/13.8),0.833(5.0/6.0),1.8,22.2,8.2,2.3,0.5,1.7,1.7,7.22
R#,PLAYER,POS,TEAM,GP,MPG,FG%,FT%,3PM,PTS,TREB,AST,STL,BLK,TO,TOTAL
13,Cade Cunningham,"PG,SG",DET,12,33.8,0.473(9.5/20.1),0.882(5.6/6.3),1.3,25.9,5.6,8.1,1.3,0.7,4.8,6.99
14,Kawhi Leonard,"SG,SF,PF",LAC,13,36.2,0.532(9.7/18.2),0.772(3.4/4.4),2.5,25.2,7.1,3.4,1.8,0.5,1.7,6.84
15,Jamal Murray,"PG,SG",DEN,13,37.7,0.480(8.4/17.5),0.934(4.4/4.7),2.5,23.6,4.0,6.1,1.3,0.4,1.4,6.84
16,Damian Lillard,PG,MIL,10,34.5,0.452(7.1/15.7),0.935(5.8/6.2),3.0,23.0,4.9,5.8,1.3,0.1,2.0,6.80
17,Austin Reaves,"PG,SG",LAL,14,34.4,0.482(7.6/15.9),0.942(4.7/5.0),2.9,22.9,4.9,5.2,1.0,0.5,2.3,6.75
18,Onyeka Okongwu,"PF,C",ATL,14,32.0,0.586(6.4/10.9),0.852(2.1/2.4),1.1,15.9,11.3,2.3,1.2,1.2,1.3,6.69
19,Jalen Brunson,PG,NY,4,39.3,0.489(11.3/23.0),0.840(5.3/6.3),1.8,29.5,4.5,7.3,1.5,0.3,3.3,6.56
20,OG Anunoby,"SF,PF",NY,15,38.1,0.458(7.9/17.2),0.834(3.7/4.5),3.0,22.5,5.1,2.7,1.9,1.0,1.3,6.50
21,Devin Vassell,"SG,SF",SA,16,34.0,0.482(7.4/15.3),0.888(1.5/1.7),3.3,19.6,5.3,3.4,1.6,0.9,1.0,6.40
22,Jakob Poeltl,C,TOR,9,24.2,0.742(7.7/10.3),0.764(1.8/2.3),0.1,17.2,7.9,2.7,1.4,1.1,2.0,6.21
23,Paolo Banchero,"SF,PF",ORL,14,36.5,0.509(10.3/20.2),0.783(7.2/9.2),2.3,30.1,7.7,4.4,1.2,0.4,2.4,6.16
24,Deni Avdija,"SF,PF",POR,12,35.5,0.503(7.0/13.9),0.810(5.7/7.0),2.9,22.6,10.1,5.3,0.8,0.4,3.6,6.13
R#,PLAYER,POS,TEAM,GP,MPG,FG%,FT%,3PM,PTS,TREB,AST,STL,BLK,TO,TOTAL
25,Coby White,"PG,SG",CHI,15,36.4,0.492(9.8/19.9),0.882(6.0/6.8),3.2,28.8,4.9,3.9,0.9,0.1,2.3,6.06
26,Desmond Bane,"SG,SF",MEM,15,33.9,0.472(7.8/16.5),0.922(3.2/3.5),2.5,21.3,7.3,5.5,1.2,0.4,2.4,6.02
27,Anthony Edwards,"SG,SF",MIN,13,34.2,0.458(8.5/18.5),0.855(6.4/7.5),3.5,26.8,4.4,4.5,1.1,0.4,2.2,5.93
28,Quentin Grimes,"SG,SF",PHI,14,34.6,0.504(9.5/18.9),0.737(4.2/5.7),3.4,26.6,4.7,4.9,1.9,0.4,3.6,5.87
29,Jalen Williams,"SG,SF,PF,C",OKC,8,30.4,0.496(7.6/15.4),0.875(5.3/6.0),2.1,22.6,4.8,6.4,0.9,0.5,2.0,5.86
30,Ja Morant,PG,MEM,8,33.4,0.491(10.5/21.4),0.830(6.8/8.1),1.6,29.4,4.5,7.9,1.3,0.0,3.3,5.70
31,Bam Adebayo,"PF,C",MIA,17,35.3,0.494(7.2/14.5),0.847(3.9/4.7),1.2,19.5,8.6,4.4,1.5,0.5,2.1,5.23
32,Derrick White,"PG,SG",BOS,14,35.0,0.416(5.7/13.7),0.828(2.1/2.5),3.7,17.2,4.5,5.6,1.4,0.9,1.6,5.14
33,Tyler Herro,"PG,SG",MIA,16,35.3,0.500(8.7/17.4),0.899(2.8/3.1),2.4,22.6,4.1,5.3,0.9,0.6,2.1,5.02
34,Miles Bridges,"SF,PF",CHA,14,33.1,0.434(7.9/18.3),0.879(4.2/4.8),2.5,22.6,7.7,4.6,0.5,1.0,2.0,5.02
35,Ivica Zubac,C,LAC,15,34.6,0.654(9.2/14.1),0.673(2.5/3.7),0.0,20.9,12.2,2.5,0.4,1.2,1.5,4.96
36,Giannis Antetokounmpo,"PF,C",MIL,14,33.5,0.582(10.4/17.9),0.675(7.1/10.6),0.1,28.1,11.4,6.4,1.1,0.9,2.4,4.85
R#,PLAYER,POS,TEAM,GP,MPG,FG%,FT%,3PM,PTS,TREB,AST,STL,BLK,TO,TOTAL
37,LeBron James,"SF,PF",LAL,10,36.7,0.466(8.8/18.9),0.780(3.9/5.0),1.3,22.8,8.8,7.3,1.3,0.5,3.3,4.84
38,Jaden McDaniels,"SF,PF",MIN,14,30.6,0.574(6.4/11.2),0.810(0.6/0.8),1.6,15.1,6.0,2.9,1.4,1.0,0.9,4.76
39,Myles Turner,C,IND,16,29.3,0.506(5.3/10.5),0.817(2.8/3.4),2.2,15.6,6.5,1.5,0.8,1.8,1.4,4.72
40,Karl-Anthony Towns,"PF,C",NY,14,34.8,0.492(8.4/17.0),0.785(4.4/5.6),2.1,23.2,10.6,2.9,1.0,0.5,2.7,4.49
41,Dyson Daniels,"PG,SG,SF",ATL,14,33.5,0.506(5.9/11.7),0.503(0.9/1.7),1.0,13.7,6.3,5.6,3.1,0.5,2.4,4.46
42,Jaren Jackson Jr.,"PF,C",MEM,11,28.1,0.488(7.5/15.3),0.849(3.1/3.6),2.3,20.3,3.5,1.5,1.2,1.3,1.5,4.16
43,Zion Williamson,"SF,PF,C",NO,8,29.3,0.584(10.0/17.1),0.711(5.3/7.4),0.0,25.3,6.4,6.1,1.1,0.8,2.8,3.92
44,Scotty Pippen Jr.,"PG,SG",MEM,15,23.9,0.520(4.3/8.3),0.889(1.6/1.8),1.5,11.8,4.1,5.1,2.1,0.4,1.6,3.84
45,Brook Lopez,C,MIL,15,32.5,0.610(5.5/9.1),0.818(1.5/1.9),1.5,14.1,5.7,1.9,0.7,1.5,1.2,3.84
46,Kai Jones,C,DAL,7,24.7,0.848(5.6/6.6),0.785(1.6/2.0),0.1,12.9,7.9,1.3,0.9,1.0,0.6,3.72
47,Immanuel Quickley,"PG,SG",TOR,10,28.8,0.417(6.3/15.1),0.875(4.9/5.6),3.2,20.7,4.3,6.0,1.0,0.1,1.9,3.70
48,Draymond Green,"PF,C",GS,14,31.3,0.410(3.4/8.4),0.794(1.9/2.4),1.1,9.9,6.9,5.9,1.9,1.0,2.8,3.52
R#,PLAYER,POS,TEAM,GP,MPG,FG%,FT%,3PM,PTS,TREB,AST,STL,BLK,TO,TOTAL
49,John Collins,"PF,C",UTA,3,29.9,0.534(10.7/20.0),0.750(3.0/4.0),2.0,26.3,9.7,1.0,0.7,0.3,2.0,3.40
50,Paul George,"SG,SF,PF",PHI,2,34.1,0.375(4.5/12.0),1.000(1.0/1.0),2.0,12.0,7.5,5.0,2.0,0.5,2.5,3.29
51,Moses Brown,C,DAL,1,21.8,0.889(8.0/9.0),1.000(2.0/2.0),0.0,18.0,9.0,0.0,0.0,0.0,0.0,3.25
52,Naji Marshall,"SG,SF,PF",DAL,15,34.9,0.536(8.4/15.7),0.769(2.9/3.7),0.9,20.6,7.3,3.7,1.5,0.2,2.1,3.22
53,Isaiah Hartenstein,C,OKC,14,27.4,0.588(5.2/8.9),0.774(1.7/2.2),0.0,12.1,9.5,3.9,0.9,1.1,1.8,3.17
54,Cameron Johnson,"SF,PF",BKN,14,30.5,0.449(5.9/13.2),0.887(3.9/4.4),2.0,17.8,5.1,4.7,1.2,0.3,2.1,3.10
55,Al Horford,"PF,C",BOS,10,32.1,0.461(4.1/8.9),0.889(1.6/1.8),1.8,11.6,8.2,3.5,0.9,0.9,1.1,3.06
56,Rudy Gobert,C,MIN,9,29.5,0.717(4.8/6.7),0.700(2.3/3.3),0.0,11.9,10.2,1.7,1.4,0.9,1.1,3.02
57,LaMelo Ball,"PG,SG",CHA,11,31.2,0.383(7.3/19.0),0.901(3.4/3.7),3.6,21.5,4.5,8.2,0.7,0.2,3.9,3.00
58,Tari Eason,"SF,PF",HOU,13,27.9,0.504(5.6/11.2),0.915(1.6/1.8),1.5,14.3,7.2,2.0,1.3,0.7,1.5,3.00
59,Andrew Wiggins,"SF,PF",MIA,9,31.4,0.521(8.2/15.8),0.685(2.4/3.6),2.4,21.3,3.6,3.1,1.1,1.1,2.7,2.99
60,Brandon Williams,PG,DAL,11,26.0,0.541(6.0/11.1),0.888(3.6/4.0),1.1,16.6,3.3,4.5,1.6,0.1,2.0,2.92
R#,PLAYER,POS,TEAM,GP,MPG,FG%,FT%,3PM,PTS,TREB,AST,STL,BLK,TO,TOTAL
61,Devin Booker,"PG,SG",PHO,15,37.9,0.446(7.4/16.6),0.885(4.6/5.2),2.1,21.5,4.3,8.0,0.6,0.0,3.2,2.88
62,Darius Garland,PG,CLE,15,32.3,0.401(6.6/16.5),0.948(2.5/2.7),2.5,18.3,4.0,6.7,1.5,0.1,2.9,2.87
63,Michael Porter Jr.,"SF,PF",DEN,16,35.1,0.489(6.4/13.1),0.810(2.1/2.6),2.4,17.3,7.6,2.1,0.9,0.6,1.3,2.86
64,Tre Jones,PG,CHI,11,30.8,0.593(5.8/9.8),0.828(1.7/2.1),0.7,14.1,4.0,6.5,1.1,0.4,1.1,2.86
65,Jrue Holiday,"PG,SG",BOS,10,33.1,0.476(5.0/10.5),1.000(0.6/0.6),1.8,12.4,4.0,4.6,1.6,0.6,0.9,2.84
66,Mikal Bridges,"SG,SF,PF",NY,15,36.1,0.521(7.5/14.3),0.896(2.3/2.6),1.3,18.6,3.6,4.9,0.9,0.5,1.9,2.81
67,Scottie Barnes,"PG,SG,SF,PF",TOR,14,29.2,0.434(6.6/15.1),0.753(4.1/5.5),0.9,18.1,7.9,5.0,1.6,0.9,2.9,2.75
68,Nikola Vucevic,"PF,C",CHI,10,28.7,0.508(6.1/12.0),0.722(1.3/1.8),2.0,15.5,8.8,3.5,0.6,0.7,0.9,2.73
69,Tobias Harris,"SF,PF",DET,12,32.2,0.474(5.3/11.3),0.843(2.3/2.7),1.2,14.1,6.8,2.2,1.5,0.8,1.0,2.68
70,Jarrett Allen,C,CLE,16,28.0,0.692(5.6/8.1),0.716(3.0/4.2),0.0,14.3,8.7,1.8,1.1,1.0,1.2,2.66
71,Jimmy Butler,"SF,PF",GS,13,33.9,0.440(5.4/12.2),0.828(6.3/7.6),0.8,17.8,6.6,6.5,1.2,0.2,1.9,2.62
72,Evan Mobley,"PF,C",CLE,13,31.2,0.539(6.9/12.9),0.614(2.7/4.4),1.4,17.9,9.5,3.2,0.6,1.5,2.3,2.58
R#,PLAYER,POS,TEAM,GP,MPG,FG%,FT%,3PM,PTS,TREB,AST,STL,BLK,TO,TOTAL
73,Walker Kessler,C,UTA,12,28.2,0.486(4.2/8.6),0.432(0.8/1.9),0.3,9.5,12.4,1.8,0.5,2.6,1.6,2.57
74,Alperen Sengün,C,HOU,14,34.0,0.542(7.9/14.6),0.671(4.1/6.1),0.2,20.1,10.3,5.2,1.0,0.9,3.2,2.55
75,Kel'el Ware,"PF,C",MIA,14,26.5,0.628(4.7/7.5),0.613(0.6/0.9),0.4,10.4,9.6,1.0,0.8,1.5,1.2,2.54
76,Adem Bona,C,PHI,10,20.9,0.683(4.1/6.0),0.778(1.4/1.8),0.0,9.6,6.3,1.0,0.9,1.8,1.0,2.43
77,Christian Braun,"SG,SF",DEN,15,35.2,0.578(6.4/11.1),0.803(1.9/2.3),1.7,16.4,4.7,3.5,0.9,0.4,1.3,2.35
78,Donte DiVincenzo,"PG,SG,SF",MIN,14,26.6,0.457(5.0/10.9),0.663(0.6/0.9),3.4,14.0,4.0,4.1,1.3,0.4,0.9,2.28
79,Cason Wallace,"PG,SG",OKC,13,28.3,0.542(4.5/8.2),0.870(1.0/1.2),1.5,11.4,3.3,2.9,1.8,0.6,1.3,2.18
80,Anfernee Simons,"PG,SG",POR,14,33.9,0.447(8.1/18.1),0.944(2.4/2.5),3.4,21.9,2.5,4.0,0.9,0.0,1.6,2.14
81,Donovan Mitchell,"PG,SG",CLE,12,32.4,0.378(7.3/19.2),0.848(7.4/8.8),2.0,23.9,5.0,5.5,1.1,0.2,2.3,2.13
82,Kyshawn George,"SG,SF",WAS,12,28.2,0.405(3.9/9.7),0.791(1.3/1.6),1.9,11.0,5.3,3.5,1.5,1.1,1.8,2.12
83,Jalen Duren,C,DET,15,26.7,0.701(5.5/7.8),0.662(3.1/4.7),0.0,14.1,9.8,2.3,0.7,1.2,1.3,1.92
84,Jaylen Brown,"SG,SF",BOS,10,33.7,0.444(7.2/16.2),0.780(3.9/5.0),1.6,19.9,5.0,4.1,1.4,0.6,2.4,1.88
R#,PLAYER,POS,TEAM,GP,MPG,FG%,FT%,3PM,PTS,TREB,AST,STL,BLK,TO,TOTAL
85,Jordan Poole,"PG,SG",WAS,13,23.7,0.467(5.9/12.7),0.931(2.2/2.3),3.4,17.4,2.2,3.5,1.0,0.2,2.5,1.85
86,Pascal Siakam,"SF,PF,C",IND,16,31.9,0.534(8.4/15.7),0.693(2.7/3.9),1.6,21.1,5.6,3.6,0.7,0.7,2.1,1.79
87,De'Aaron Fox,"PG,SG",SA,7,33.1,0.473(7.7/16.3),0.911(2.9/3.1),1.6,19.9,4.1,6.9,0.4,0.1,2.0,1.79
88,Luguentz Dort,"SG,SF",OKC,12,30.9,0.486(4.6/9.4),0.000(0.0/0.2),3.3,12.4,4.6,1.7,1.4,0.5,0.7,1.71
89,Trey Murphy III,"SG,SF,PF",NO,10,31.9,0.452(6.1/13.5),0.889(3.2/3.6),1.9,17.3,4.5,3.1,0.7,0.8,2.6,1.71
90,Keegan Murray,"SF,PF",SAC,16,34.2,0.469(5.3/11.2),0.889(0.6/0.6),2.6,13.7,5.9,1.4,0.6,1.0,0.6,1.69
91,Kevin Huerter,"SG,SF",CHI,13,33.1,0.441(5.5/12.4),0.800(0.9/1.2),2.6,14.5,4.0,3.5,1.4,0.5,1.4,1.65
92,Josh Hart,"SG,SF,PF",NY,15,37.1,0.433(4.1/9.4),0.668(1.5/2.2),1.1,10.7,9.3,6.0,1.3,0.5,1.9,1.62
93,Franz Wagner,"SF,PF",ORL,14,34.5,0.448(8.4/18.6),0.907(4.2/4.6),1.1,22.1,5.9,4.2,0.7,0.1,2.6,1.45
94,Julius Randle,"PF,C",MIN,13,29.8,0.533(6.2/11.7),0.793(4.2/5.2),1.4,18.0,6.3,5.4,0.5,0.2,2.8,1.45
95,Amen Thompson,"PG,SG,SF,PF",HOU,7,35.3,0.542(6.4/11.9),0.369(1.0/2.7),0.3,14.1,9.7,4.4,1.7,1.0,1.7,1.41
96,Malik Monk,"PG,SG,SF",SAC,10,31.1,0.486(7.0/14.4),0.778(2.1/2.7),2.3,18.4,3.4,5.0,0.8,0.5,3.2,1.39
R#,PLAYER,POS,TEAM,GP,MPG,FG%,FT%,3PM,PTS,TREB,AST,STL,BLK,TO,TOTAL
97,Jalen Green,"PG,SG",HOU,15,34.7,0.410(7.5/18.2),0.761(3.4/4.5),2.8,21.1,5.9,4.7,1.0,0.4,2.3,1.38
98,Keon Ellis,"PG,SG,SF",SAC,16,28.2,0.486(3.3/6.8),0.868(1.3/1.4),1.7,9.6,2.9,2.3,1.9,0.6,1.3,1.30
99,Fred VanVleet,PG,HOU,10,34.7,0.353(4.2/11.9),0.852(2.3/2.7),2.8,13.5,3.9,4.4,1.5,0.4,1.0,1.29
100,DeMar DeRozan,"SF,PF",SAC,16,36.1,0.457(7.9/17.4),0.854(4.8/5.6),1.3,21.9,3.7,5.8,0.4,0.3,1.7,1.24
101,Aaron Nesmith,"SF,PF",IND,16,29.0,0.524(5.5/10.5),0.887(0.9/1.1),2.8,14.7,4.1,1.3,0.9,0.4,0.9,1.24
102,Alexandre Sarr,"PF,C",WAS,16,27.4,0.414(6.1/14.8),0.725(2.6/3.6),2.0,16.9,6.6,2.4,0.6,1.6,2.1,1.23
103,Naz Reid,"PF,C",MIN,14,30.2,0.424(5.6/13.1),0.360(0.4/1.0),2.8,14.3,6.8,3.2,1.1,0.9,1.6,1.15
104,Toumani Camara,"SG,SF,PF",POR,14,34.6,0.447(4.8/10.7),0.615(1.4/2.2),2.4,13.3,5.0,2.6,1.7,0.7,1.2,1.14
105,Zach LaVine,"SG,SF",SAC,15,36.1,0.524(7.4/14.1),0.843(2.5/2.9),2.7,19.9,3.5,3.5,0.5,0.1,3.0,1.14
106,Zach Edey,C,MEM,15,21.1,0.573(4.2/7.3),0.850(1.5/1.7),0.2,10.1,7.6,1.1,0.3,1.5,0.8,1.02
107,Aaron Gordon,"PF,C",DEN,9,28.6,0.589(5.9/10.0),0.805(3.7/4.6),2.6,18.0,4.8,2.9,0.2,0.1,1.9,1.01
108,Kyrie Irving,"PG,SG",DAL,2,23.9,0.407(5.5/13.5),1.000(7.0/7.0),1.0,19.0,3.0,2.0,0.5,0.0,1.5,0.95
R#,PLAYER,POS,TEAM,GP,MPG,FG%,FT%,3PM,PTS,TREB,AST,STL,BLK,TO,TOTAL
109,N'Faly Dante,C,HOU,1,18.6,0.667(4.0/6.0),0.667(2.0/3.0),0.0,10.0,9.0,1.0,0.0,2.0,1.0,0.85
110,Killian Hayes,"PG,SG",BKN,2,28.0,0.429(3.0/7.0),1.000(3.0/3.0),1.0,10.0,4.0,3.5,1.0,0.5,1.5,0.80
111,Russell Westbrook,"PG,SG",DEN,16,29.9,0.427(5.5/12.9),0.637(1.6/2.6),1.8,14.4,4.8,6.2,1.6,0.6,3.9,0.73
112,P.J. Washington,"SF,PF",DAL,6,31.1,0.535(7.7/14.3),0.689(3.3/4.8),1.5,20.2,5.7,1.5,0.8,1.0,3.2,0.71
113,Caris LeVert,"SG,SF",ATL,11,27.0,0.496(6.2/12.5),0.698(1.3/1.8),2.1,15.7,3.0,3.4,1.1,0.5,1.0,0.70
114,Kessler Edwards,"SF,PF,C",DAL,10,27.2,0.594(3.8/6.4),0.900(0.9/1.0),1.4,9.9,4.5,1.7,0.8,0.8,0.7,0.70
115,Gary Payton II,"SG,SF",GS,11,21.0,0.643(4.9/7.6),0.703(0.5/0.6),1.2,11.5,4.0,1.4,1.3,0.4,0.5,0.62
116,Kelly Olynyk,"PF,C",NO,13,26.6,0.529(4.2/7.9),0.780(1.9/2.5),0.9,11.1,5.6,4.2,1.0,0.6,2.2,0.60
117,Mike Conley,PG,MIN,12,23.6,0.551(3.2/5.8),0.866(0.6/0.7),2.1,9.0,2.6,4.2,1.2,0.3,1.2,0.55
118,Payton Pritchard,"PG,SG",BOS,14,29.7,0.446(5.0/11.2),0.829(1.1/1.3),3.5,14.6,3.5,2.9,0.9,0.1,0.9,0.46
119,Justin Edwards,SF,PHI,14,30.8,0.470(5.6/11.9),0.760(1.4/1.8),2.1,14.6,3.6,1.8,1.3,0.6,1.4,0.43
120,Andrew Nembhard,"PG,SG",IND,17,30.8,0.474(3.9/8.2),0.808(1.5/1.8),1.1,10.4,3.5,6.1,1.1,0.4,1.6,0.35
R#,PLAYER,POS,TEAM,GP,MPG,FG%,FT%,3PM,PTS,TREB,AST,STL,BLK,TO,TOTAL
121,Cole Anthony,PG,ORL,5,22.9,0.420(4.2/10.0),1.000(2.0/2.0),1.6,12.0,2.8,3.2,0.6,1.0,2.0,0.28
122,Keldon Johnson,"SG,SF,PF",SA,16,25.4,0.494(5.4/10.9),0.818(2.3/2.8),1.4,14.4,5.6,2.0,0.9,0.4,1.0,0.24
123,Nicolas Claxton,C,BKN,15,28.6,0.585(4.8/8.2),0.500(1.0/2.0),0.1,10.7,7.9,2.9,0.5,1.5,1.5,0.17
124,Justin Champagnie,"SG,SF",WAS,15,24.0,0.485(3.3/6.9),0.850(1.1/1.3),1.2,9.0,6.8,1.2,1.1,0.6,0.5,0.12
125,Kyle Filipowski,"PF,C",UTA,17,25.0,0.529(5.5/10.4),0.693(2.1/3.1),1.9,14.9,7.8,2.0,0.8,0.3,2.2,0.09
126,Chuma Okeke,"SF,PF",PHI,6,28.2,0.545(3.0/5.5),0.660(0.3/0.5),1.7,8.0,7.0,2.2,0.8,0.5,0.5,0.08
127,Matas Buzelis,"SF,PF",CHI,15,26.1,0.469(5.0/10.7),0.928(1.7/1.8),1.7,13.4,4.6,1.9,0.3,0.9,1.4,0.05
128,Chris Paul,PG,SA,16,25.6,0.506(2.9/5.7),0.684(0.1/0.2),1.9,7.8,2.9,6.3,0.9,0.3,1.5,-0.01
129,Shaedon Sharpe,"SG,SF",POR,15,35.0,0.462(7.3/15.9),0.805(2.5/3.1),1.9,19.0,5.9,2.9,0.8,0.1,2.5,-0.06
130,Jonas Valanciunas,C,SAC,16,20.6,0.511(4.1/7.9),0.852(1.4/1.7),0.0,9.6,8.6,2.3,0.6,0.8,1.1,-0.07
131,Isaiah Stewart,"PF,C",DET,14,18.9,0.667(2.9/4.3),0.695(1.1/1.6),0.2,7.1,4.9,1.6,0.5,1.7,0.9,-0.11
132,Ausar Thompson,"SF,PF",DET,15,22.5,0.533(4.3/8.1),0.717(1.7/2.3),0.2,10.5,5.0,2.1,1.4,0.9,1.5,-0.12
R#,PLAYER,POS,TEAM,GP,MPG,FG%,FT%,3PM,PTS,TREB,AST,STL,BLK,TO,TOTAL
133,Spencer Dinwiddie,"PG,SG",DAL,15,32.4,0.455(5.1/11.3),0.719(3.1/4.3),1.5,14.8,3.3,6.2,1.2,0.3,1.7,-0.13
134,CJ McCollum,"PG,SG",NO,11,30.5,0.420(6.9/16.5),0.635(1.3/2.0),3.0,18.1,3.8,5.0,1.2,0.1,2.3,-0.18
135,Brandon Clarke,"PF,C",MEM,10,19.0,0.683(4.3/6.3),0.800(1.6/2.0),0.0,10.2,5.8,1.2,0.8,0.7,0.7,-0.19
136,Domantas Sabonis,C,SAC,7,25.4,0.483(4.1/8.6),0.715(2.9/4.0),0.1,11.3,10.4,4.9,0.9,0.3,2.1,-0.20
137,Bennedict Mathurin,"SG,SF",IND,12,26.5,0.423(4.8/11.4),0.882(4.9/5.6),1.5,16.1,4.9,1.8,0.8,0.2,2.0,-0.28
138,Alex Caruso,"SG,SF",OKC,12,19.0,0.549(3.3/5.9),0.803(1.7/2.1),1.1,9.3,2.8,2.2,1.1,0.8,0.9,-0.28
139,Matisse Thybulle,"SG,SF",POR,7,15.6,0.514(2.6/5.0),0.509(0.3/0.6),1.4,6.9,3.3,1.4,2.1,0.4,0.4,-0.30
140,Jared Rhoden,SF,TOR,5,29.1,0.431(4.4/10.2),0.833(3.0/3.6),1.6,13.4,5.2,1.2,1.2,0.4,1.2,-0.31
141,Cam Thomas,"SG,SF",BKN,6,27.8,0.410(8.0/19.5),0.907(3.3/3.7),2.3,21.7,2.5,5.0,0.2,0.2,1.8,-0.40
142,Zach Collins,"PF,C",CHI,15,20.4,0.585(3.7/6.3),0.864(1.3/1.5),0.7,9.3,6.5,1.9,0.5,0.7,1.5,-0.44
143,Jeff Dowtin Jr.,PG,PHI,13,21.5,0.574(5.1/8.9),0.775(1.3/1.7),1.4,12.8,2.2,2.5,0.8,0.5,0.8,-0.44
144,Kris Dunn,"PG,SG",LAC,14,25.6,0.466(2.9/6.1),1.000(0.4/0.4),0.9,7.0,3.0,3.2,1.6,0.5,0.8,-0.48
R#,PLAYER,POS,TEAM,GP,MPG,FG%,FT%,3PM,PTS,TREB,AST,STL,BLK,TO,TOTAL
145,Chet Holmgren,"PF,C",OKC,10,27.8,0.468(5.1/10.9),0.629(2.2/3.5),1.0,13.4,8.1,1.9,0.5,1.4,1.6,-0.52
146,Tristan Vukcevic,C,WAS,11,18.2,0.454(4.1/9.0),0.812(1.6/1.9),1.3,11.0,4.6,1.2,0.6,1.2,1.0,-0.54
147,Moses Moody,"SG,SF",GS,14,28.6,0.409(3.7/9.1),0.935(2.0/2.1),1.6,11.1,3.3,1.9,1.2,0.4,0.6,-0.57
148,Bogdan Bogdanovic,"SG,SF",LAC,15,26.0,0.501(4.5/8.9),0.930(0.9/1.0),2.0,11.9,4.0,3.5,0.5,0.2,1.4,-0.63
149,Gary Trent Jr.,"PG,SG,SF",MIL,13,27.3,0.423(4.7/11.1),0.948(1.5/1.5),3.2,14.1,1.9,1.2,1.0,0.1,0.3,-0.67
150,Nick Richards,C,PHO,12,22.7,0.650(5.3/8.1),0.850(1.4/1.7),0.0,11.9,7.5,0.8,0.0,0.8,1.5,-0.68
151,Dillon Brooks,"SG,SF,PF",HOU,14,32.6,0.445(5.8/13.0),0.829(1.4/1.6),2.7,15.6,2.9,2.2,1.0,0.1,1.4,-0.74
152,Dennis Schröder,"PG,SG",DET,15,24.7,0.417(3.7/8.8),0.853(3.1/3.6),1.3,11.7,2.7,5.5,0.7,0.3,1.1,-0.78
153,Khris Middleton,SF,WAS,11,21.3,0.426(3.9/9.2),0.894(2.4/2.6),1.0,11.2,3.6,3.3,1.4,0.1,1.3,-0.81
154,Kelly Oubre Jr.,"SG,SF",PHI,5,32.1,0.479(6.8/14.2),0.652(3.0/4.6),1.4,18.0,3.4,2.2,1.6,0.6,1.6,-0.82
155,Stephon Castle,"PG,SG",SA,16,29.2,0.464(7.2/15.5),0.687(4.3/6.2),1.6,20.2,4.4,4.9,1.1,0.3,2.4,-0.88
156,De'Andre Hunter,"SF,PF",CLE,15,24.8,0.490(4.5/9.1),0.853(3.1/3.6),1.8,13.8,4.4,1.1,0.5,0.3,0.7,-0.91
R#,PLAYER,POS,TEAM,GP,MPG,FG%,FT%,3PM,PTS,TREB,AST,STL,BLK,TO,TOTAL
157,Bilal Coulibaly,"SG,SF",WAS,5,29.0,0.400(4.0/10.0),0.727(1.6/2.2),1.0,10.6,5.4,1.6,1.6,0.8,1.8,-0.91
158,Jabari Smith Jr.,"PF,C",HOU,15,28.1,0.455(4.7/10.4),0.749(2.0/2.7),1.9,13.3,6.5,1.1,0.7,0.5,0.9,-0.91
159,Royce O'Neale,"SF,PF",PHO,15,22.7,0.453(2.9/6.5),0.000(0.0/0.0),2.6,8.5,4.5,2.7,0.7,0.3,0.7,-0.92
160,Donovan Clingan,C,POR,14,24.8,0.512(3.1/6.0),0.489(1.3/2.6),0.3,7.7,9.0,1.9,0.4,1.9,0.9,-0.95
161,Miles McBride,"PG,SG",NY,11,31.0,0.374(4.2/11.2),0.640(0.6/1.0),2.2,11.2,3.1,4.4,1.2,0.5,0.7,-0.99
162,Richaun Holmes,C,WAS,8,18.6,0.541(3.4/6.3),0.852(2.1/2.5),0.0,8.9,7.3,1.9,0.6,0.5,0.5,-1.08
163,Keyonte George,"PG,SG",UTA,12,29.5,0.371(4.7/12.6),0.833(4.6/5.5),2.1,16.0,3.8,5.2,0.7,0.0,2.1,-1.13
164,Ty Jerome,"PG,SG",CLE,13,22.0,0.462(4.7/10.2),0.837(2.8/3.3),1.5,13.6,2.5,3.3,1.0,0.1,1.2,-1.15
165,Brice Sensabaugh,"SF,PF",UTA,17,22.3,0.516(4.7/9.1),0.774(0.4/0.5),2.8,12.6,3.3,1.7,0.6,0.2,2.1,-1.16
166,Day'Ron Sharpe,C,BKN,14,19.5,0.489(2.8/5.7),0.632(0.4/0.6),0.1,6.1,6.6,2.1,0.9,1.0,0.9,-1.17
167,Zaccharie Risacher,"SF,PF",ATL,14,26.9,0.520(5.8/11.1),0.667(0.9/1.3),2.1,14.6,4.0,1.1,0.6,0.5,2.1,-1.17
168,Jared Butler,"PG,SG",PHI,15,26.0,0.430(4.1/9.5),0.838(1.4/1.7),1.7,11.3,2.5,4.9,0.9,0.2,1.6,-1.22
R#,PLAYER,POS,TEAM,GP,MPG,FG%,FT%,3PM,PTS,TREB,AST,STL,BLK,TO,TOTAL
169,Davion Mitchell,"PG,SG",MIA,16,31.3,0.482(3.6/7.4),0.627(1.1/1.7),1.3,9.4,3.0,5.5,1.2,0.3,1.9,-1.27
170,Quinten Post,C,GS,14,19.7,0.440(3.4/7.8),0.488(0.2/0.4),2.4,9.4,4.2,1.4,0.6,0.9,1.2,-1.28
171,Wendell Carter Jr.,"PF,C",ORL,14,27.6,0.444(3.4/7.6),0.852(2.1/2.4),1.0,9.8,7.3,1.4,0.1,0.9,1.1,-1.32
172,Jerami Grant,"SF,PF",POR,2,29.7,0.364(4.0/11.0),1.000(3.5/3.5),3.0,14.5,3.5,0.5,0.5,0.0,1.5,-1.34
173,Nicolas Batum,"SF,PF",LAC,15,20.0,0.545(2.1/3.8),1.000(0.3/0.3),1.8,6.2,2.9,0.9,0.8,0.8,0.6,-1.36
174,Jaylin Williams,"PF,C",OKC,14,17.6,0.540(2.4/4.5),0.612(0.8/1.3),1.6,7.3,5.8,2.6,0.5,0.6,0.6,-1.41
175,Tyus Jones,PG,PHO,15,22.7,0.469(3.5/7.4),1.000(0.4/0.4),2.3,9.7,2.2,4.1,0.7,0.0,0.5,-1.46
176,Max Strus,"SG,SF",CLE,15,25.7,0.474(3.7/7.9),0.885(1.0/1.1),2.3,10.8,4.3,2.8,0.5,0.0,0.8,-1.46
177,Anthony Black,"PG,SG",ORL,14,22.0,0.476(3.6/7.5),0.788(1.9/2.4),1.1,10.1,3.2,2.4,0.9,0.7,1.8,-1.46
178,Taurean Prince,"SG,SF",MIL,15,29.8,0.446(3.3/7.3),0.887(0.5/0.5),1.8,8.8,3.2,2.1,1.2,0.3,1.1,-1.47
179,Klay Thompson,"SG,SF",DAL,14,29.0,0.395(5.5/13.9),0.962(1.8/1.9),2.8,15.6,3.7,2.4,0.3,0.2,1.1,-1.51
180,Brandin Podziemski,"PG,SG",GS,9,27.9,0.419(4.9/11.7),0.694(1.0/1.4),2.3,13.1,5.4,2.2,1.0,0.1,1.0,-1.51
R#,PLAYER,POS,TEAM,GP,MPG,FG%,FT%,3PM,PTS,TREB,AST,STL,BLK,TO,TOTAL
181,Kevin Porter Jr.,PG,MIL,15,18.6,0.454(3.3/7.3),0.897(2.3/2.5),1.1,10.0,3.9,3.7,0.8,0.1,1.9,-1.61
182,Aaron Wiggins,"SG,SF",OKC,12,24.9,0.450(5.3/11.7),0.630(0.6/0.9),2.3,13.4,4.1,2.2,0.8,0.2,0.8,-1.62
183,Karlo Matkovic,"PF,C",NO,15,21.4,0.580(3.9/6.7),0.654(0.9/1.3),0.4,9.0,6.0,1.4,0.5,0.9,1.2,-1.62
184,Tyrese Martin,SG,BKN,16,24.6,0.441(3.9/8.9),0.887(0.9/1.1),2.1,10.9,3.4,2.8,0.7,0.2,0.9,-1.63
185,Orlando Robinson,C,TOR,14,24.9,0.433(3.9/9.1),0.782(1.8/2.3),0.6,10.2,8.1,2.4,0.4,0.7,1.6,-1.69
186,Mouhamed Gueye,"PF,C",ATL,12,17.0,0.407(2.0/4.9),0.812(1.1/1.3),0.8,5.8,3.3,0.9,0.9,1.3,0.3,-1.72
187,Andre Drummond,C,PHI,6,21.5,0.451(3.8/8.5),0.717(1.7/2.3),0.3,9.7,9.5,1.5,0.5,0.7,0.7,-1.75
188,Luke Kennard,"PG,SG",MEM,14,25.4,0.513(4.0/7.8),0.837(0.4/0.4),1.1,9.5,2.6,3.6,1.1,0.1,1.6,-1.76
189,Ziaire Williams,"SG,SF",BKN,15,26.2,0.413(3.8/9.2),0.869(0.9/1.1),2.1,10.7,3.8,1.3,0.9,0.4,1.1,-1.76
190,Jeremy Sochan,"SF,PF,C",SA,15,25.1,0.528(5.0/9.5),0.700(1.9/2.7),0.6,12.5,5.6,2.2,0.8,0.4,1.5,-1.79
191,Isaiah Joe,"PG,SG",OKC,14,23.1,0.453(3.8/8.4),0.930(0.9/1.0),2.9,11.4,3.0,1.9,0.4,0.1,0.9,-1.84
192,Obi Toppin,PF,IND,17,20.2,0.560(4.2/7.5),0.803(1.2/1.5),1.7,11.2,3.5,1.6,0.4,0.3,1.0,-1.86
R#,PLAYER,POS,TEAM,GP,MPG,FG%,FT%,3PM,PTS,TREB,AST,STL,BLK,TO,TOTAL
193,Duop Reath,C,POR,15,18.6,0.435(2.7/6.3),1.000(0.8/0.8),1.4,7.7,3.8,1.1,0.7,0.7,0.7,-1.89
194,Jordan Goodwin,"PG,SG",LAL,14,21.5,0.440(2.3/5.2),0.877(0.5/0.6),1.1,6.2,3.8,1.6,1.1,0.6,0.8,-1.91
195,Sam Hauser,"SF,PF",BOS,13,25.8,0.458(3.8/8.2),1.000(0.2/0.2),3.1,10.8,3.4,0.7,0.5,0.2,0.2,-1.91
196,Lonzo Ball,"PG,SG",CHI,1,34.4,0.385(5.0/13.0),0.000(0.0/0.0),4.0,14.0,2.0,2.0,1.0,0.0,2.0,-1.92
197,Jaxson Hayes,"PF,C",LAL,13,24.4,0.801(4.3/5.4),0.550(1.3/2.4),0.0,9.9,5.8,1.4,0.4,0.9,1.0,-1.97
198,Nickeil Alexander-Walker,"SG,SF",MIN,14,23.9,0.402(2.9/7.3),0.911(1.4/1.6),1.3,8.6,3.4,2.6,0.9,0.4,1.1,-2.02
199,Yves Missi,C,NO,12,26.4,0.597(4.3/7.3),0.632(2.6/4.1),0.0,11.3,7.3,1.2,0.5,1.1,1.1,-2.03
200,Buddy Hield,"SG,SF",GS,14,21.5,0.441(3.5/7.9),0.869(0.9/1.1),2.1,10.1,3.2,2.1,0.8,0.2,1.4,-2.04
201,Peyton Watson,"SF,PF",DEN,14,23.9,0.515(3.5/6.8),0.482(0.9/1.9),1.0,8.9,3.4,1.4,0.4,1.7,0.6,-2.13
202,Terance Mann,"SG,SF",ATL,14,23.8,0.546(4.6/8.5),0.803(0.6/0.7),1.4,11.2,3.1,2.1,0.4,0.3,0.7,-2.14
203,Keon Johnson,"PG,SG",BKN,17,26.5,0.393(3.8/9.7),0.686(1.3/1.9),1.9,10.9,4.2,2.2,1.2,0.4,1.8,-2.16
204,Harrison Barnes,"SF,PF",SA,16,24.9,0.537(4.5/8.4),0.742(1.4/1.9),2.1,12.6,2.6,1.4,0.5,0.2,0.7,-2.16
R#,PLAYER,POS,TEAM,GP,MPG,FG%,FT%,3PM,PTS,TREB,AST,STL,BLK,TO,TOTAL
205,Isaiah Collier,"PG,SG",UTA,17,29.7,0.442(4.1/9.2),0.714(2.7/3.7),0.6,11.4,3.8,6.5,1.1,0.2,3.4,-2.17
206,Jamal Shead,PG,TOR,15,23.5,0.402(3.7/9.3),0.752(1.0/1.3),1.3,9.8,2.5,4.9,1.1,0.2,1.3,-2.17
207,Collin Sexton,"PG,SG",UTA,13,25.5,0.473(6.7/14.2),0.740(2.9/3.9),1.3,17.5,2.3,4.4,0.8,0.1,2.9,-2.18
208,Haywood Highsmith,"SF,PF",MIA,16,27.3,0.440(2.3/5.3),0.889(0.6/0.6),1.1,6.3,3.4,2.1,1.3,0.3,0.9,-2.19
209,Colin Castleton,C,TOR,10,25.9,0.474(2.7/5.7),0.765(1.3/1.7),0.2,6.9,7.4,1.8,0.6,0.8,2.1,-2.20
210,Luke Kornet,C,BOS,15,22.0,0.714(3.0/4.2),0.497(0.7/1.5),0.0,6.7,6.0,1.6,0.4,1.1,0.5,-2.24
211,Bradley Beal,"PG,SG,SF",PHO,7,27.4,0.507(5.1/10.1),0.785(1.6/2.0),1.3,13.1,2.1,3.6,0.6,0.1,1.4,-2.27
212,D'Angelo Russell,PG,BKN,10,26.4,0.350(4.1/11.7),0.704(1.9/2.7),1.9,12.0,2.9,5.1,1.0,0.5,1.7,-2.28
213,Kentavious Caldwell-Pope,"SG,SF",ORL,13,30.1,0.495(3.5/7.2),0.805(0.6/0.8),1.5,9.2,2.9,1.8,0.8,0.3,0.8,-2.32
214,Malik Beasley,"SG,SF",DET,15,28.4,0.403(4.9/12.1),0.694(1.2/1.7),3.4,14.3,2.1,1.9,0.9,0.1,1.3,-2.35
215,Colby Jones,SG,WAS,9,20.5,0.551(3.0/5.4),0.652(1.7/2.6),1.0,8.7,2.8,2.1,1.3,0.4,0.8,-2.39
216,Mitchell Robinson,C,NY,12,16.2,0.675(2.1/3.1),0.630(0.6/0.9),0.0,4.8,5.6,0.6,0.9,0.8,0.5,-2.46
R#,PLAYER,POS,TEAM,GP,MPG,FG%,FT%,3PM,PTS,TREB,AST,STL,BLK,TO,TOTAL
217,Vít Krejcí,"SG,SF",ATL,9,19.2,0.538(2.3/4.3),0.703(0.8/1.1),1.8,7.2,2.1,2.7,0.3,0.7,1.0,-2.54
218,Duncan Robinson,"SG,SF",MIA,14,25.4,0.477(4.3/9.0),0.803(0.6/0.7),2.7,11.9,1.8,1.9,0.6,0.0,1.2,-2.56
219,Bub Carrington,"PG,SG",WAS,16,28.6,0.360(3.6/9.9),0.800(1.0/1.3),1.4,9.5,4.3,4.9,0.5,0.5,2.0,-2.59
220,Georges Niang,"SF,PF",ATL,13,22.9,0.454(4.2/9.3),0.759(1.2/1.6),2.6,12.3,2.8,1.7,0.4,0.2,1.2,-2.69
221,Baylor Scheierman,SG,BOS,9,18.6,0.487(2.3/4.8),0.750(0.3/0.4),2.0,7.0,2.4,1.9,0.8,0.2,0.4,-2.70
222,Johnny Juzang,"SG,SF",UTA,16,21.7,0.460(4.0/8.7),0.880(0.9/1.0),1.7,10.6,3.6,1.3,0.7,0.1,0.7,-2.71
223,Sam Merrill,SG,CLE,16,20.0,0.453(2.6/5.8),1.000(0.1/0.1),2.1,7.4,2.6,1.3,0.8,0.3,0.4,-2.72
224,Rui Hachimura,"SF,PF",LAL,4,24.6,0.565(3.3/5.8),0.750(0.8/1.0),2.0,9.3,3.0,0.3,0.5,0.3,0.5,-2.73
225,DaQuan Jeffries,SG,CHA,15,26.1,0.432(3.4/7.9),0.791(0.5/0.7),1.7,9.1,2.5,1.1,0.5,0.8,0.8,-2.76
226,Lonnie Walker IV,"SG,SF",PHI,9,19.9,0.411(3.3/8.1),0.835(1.1/1.3),2.0,9.8,2.7,2.1,0.8,0.2,1.1,-2.78
227,Jake LaRavia,"SF,PF",SAC,12,22.8,0.480(3.1/6.4),0.736(0.9/1.3),1.5,8.6,3.3,1.4,1.1,0.1,0.8,-2.79
228,Max Christie,"SG,SF",DAL,15,29.6,0.357(3.1/8.6),0.905(1.3/1.5),1.6,9.1,4.2,2.3,1.0,0.1,1.3,-2.81
R#,PLAYER,POS,TEAM,GP,MPG,FG%,FT%,3PM,PTS,TREB,AST,STL,BLK,TO,TOTAL
229,Ja'Kobe Walter,SG,TOR,7,26.2,0.358(3.4/9.6),0.948(2.6/2.7),1.6,11.0,3.3,2.1,0.7,0.1,1.3,-2.82
230,Bruce Brown,"SG,SF",NO,13,25.2,0.459(3.5/7.5),0.788(1.2/1.5),1.1,9.2,3.8,2.5,0.8,0.2,1.1,-2.83
231,Lauri Markkanen,"SF,PF",UTA,4,24.3,0.393(5.5/14.0),1.000(1.5/1.5),3.0,15.5,3.5,0.8,0.0,0.3,1.8,-2.83
232,Jose Alvarado,PG,NO,15,25.5,0.343(3.2/9.3),0.663(0.5/0.8),1.6,8.5,2.1,4.9,1.2,0.3,1.5,-2.83
233,Oso Ighodaro,C,PHO,11,22.0,0.665(2.4/3.6),0.859(0.6/0.6),0.0,5.3,4.8,1.5,0.5,0.6,0.8,-2.92
234,Alex Reese,PF,PHI,10,16.0,0.487(1.9/3.9),0.750(0.6/0.8),1.1,5.5,3.2,0.3,0.8,0.8,0.5,-2.93
235,Ryan Dunn,"SF,PF",PHO,13,19.7,0.458(3.4/7.4),0.337(0.3/0.9),1.6,8.7,4.1,0.5,1.0,0.7,0.8,-2.96
236,Monte Morris,"PG,SG",PHO,2,5.8,0.500(2.0/4.0),1.000(1.0/1.0),2.0,7.0,1.5,0.5,1.0,0.0,0.5,-2.99
237,Ryan Rollins,PG,MIL,9,15.9,0.554(2.9/5.2),0.730(0.9/1.2),1.2,7.9,2.2,2.2,0.7,0.3,0.8,-3.04
238,Guerschon Yabusele,"PF,C",PHI,14,29.0,0.474(3.9/8.3),0.648(1.7/2.6),1.4,11.0,6.1,2.6,0.6,0.1,1.3,-3.07
239,Cory Joseph,PG,ORL,12,21.3,0.444(2.3/5.3),0.893(0.7/0.8),1.3,6.6,2.9,2.8,0.8,0.1,0.3,-3.08
240,Reed Sheppard,SG,HOU,3,19.3,0.464(4.3/9.3),0.504(0.7/1.3),1.0,10.3,2.0,3.3,1.3,0.3,1.3,-3.11
R#,PLAYER,POS,TEAM,GP,MPG,FG%,FT%,3PM,PTS,TREB,AST,STL,BLK,TO,TOTAL
241,Marcus Smart,"PG,SG",WAS,10,17.6,0.418(3.3/7.9),0.680(1.7/2.5),1.6,9.9,2.1,3.0,1.1,0.3,1.2,-3.15
242,Cam Whitmore,"SF,PF",HOU,6,11.5,0.485(2.8/5.8),0.880(1.2/1.3),1.2,8.0,2.3,1.0,0.5,0.5,0.0,-3.15
243,AJ Johnson,SG,WAS,11,26.4,0.413(3.5/8.4),0.859(1.6/1.9),1.1,9.6,2.9,3.5,0.6,0.2,1.3,-3.17
244,Tim Hardaway Jr.,"SG,SF",DET,14,25.1,0.398(3.6/9.1),0.877(1.6/1.8),2.0,10.9,2.8,1.6,0.6,0.1,0.4,-3.20
245,Gabe Vincent,"PG,SG",LAL,16,24.2,0.444(3.2/7.2),0.806(0.3/0.3),2.3,8.9,1.3,1.4,0.9,0.1,0.6,-3.26
246,Bismack Biyombo,C,SA,14,18.6,0.644(2.2/3.4),0.581(0.5/0.9),0.0,4.9,5.3,1.5,0.7,0.6,0.8,-3.27
247,Jaden Hardy,"PG,SG",DAL,8,17.0,0.531(4.4/8.3),0.819(1.1/1.4),2.0,11.9,1.4,1.3,0.4,0.0,0.9,-3.32
248,Julian Champagnie,"SF,PF",SA,16,19.4,0.363(2.5/6.9),0.920(1.4/1.5),1.6,8.0,3.6,1.6,0.7,0.2,0.8,-3.32
249,Santi Aldama,"PF,C",MEM,8,26.8,0.438(4.4/10.0),0.646(1.1/1.8),1.3,11.1,5.4,4.3,0.3,0.1,1.1,-3.34
250,RJ Barrett,"SG,SF,PF",TOR,8,30.4,0.440(6.9/15.6),0.585(3.0/5.1),1.8,18.5,6.8,5.6,0.4,0.3,3.4,-3.38
251,Dorian Finney-Smith,"SF,PF,C",LAL,14,32.1,0.423(3.1/7.4),0.507(0.4/0.7),2.0,8.6,4.1,1.1,0.9,0.2,1.0,-3.41
252,Jalen Smith,"PF,C",CHI,8,15.2,0.423(2.8/6.5),0.568(0.5/0.9),0.9,6.9,6.5,1.6,0.4,0.6,0.4,-3.41
R#,PLAYER,POS,TEAM,GP,MPG,FG%,FT%,3PM,PTS,TREB,AST,STL,BLK,TO,TOTAL
253,Derrick Jones Jr.,"SF,PF",LAC,12,22.5,0.577(3.8/6.5),0.613(1.3/2.2),1.3,10.1,3.3,0.3,0.3,0.8,0.6,-3.43
254,Trendon Watford,"PF,C",BKN,14,22.7,0.466(3.9/8.3),0.665(1.7/2.6),0.7,10.1,3.6,3.1,0.9,0.4,2.1,-3.44
255,Jarred Vanderbilt,"PF,C",LAL,16,17.5,0.518(1.9/3.6),0.690(0.7/1.0),0.3,4.7,4.9,1.4,1.0,0.4,0.8,-3.44
256,Norman Powell,"SG,SF",LAC,7,23.3,0.384(3.6/9.3),0.833(2.1/2.6),1.4,10.7,1.9,1.9,1.1,0.1,0.9,-3.45
257,Clint Capela,C,ATL,6,15.9,0.459(2.8/6.2),0.500(0.5/1.0),0.0,6.2,6.5,0.7,0.8,0.8,0.3,-3.51
258,T.J. McConnell,PG,IND,17,15.9,0.496(3.2/6.4),0.723(0.5/0.7),0.3,7.1,2.2,4.3,0.9,0.1,1.1,-3.52
259,Jericho Sims,C,MIL,9,15.3,0.791(1.7/2.1),0.000(0.0/0.0),0.0,3.3,5.6,1.0,0.2,0.8,1.0,-3.52
260,Bol Bol,"PF,C",PHO,10,13.7,0.518(2.9/5.6),1.000(0.4/0.4),1.1,7.3,3.1,0.9,0.4,0.4,0.4,-3.53
261,Alec Burks,"SG,SF",MIA,10,18.3,0.493(3.3/6.7),0.600(0.3/0.5),2.8,9.7,2.3,1.1,0.4,0.0,0.8,-3.53
262,Keion Brooks Jr., ,NO,4,21.4,0.522(3.0/5.8),0.500(0.3/0.5),1.3,7.5,2.8,1.0,0.3,0.8,1.0,-3.55
263,Zeke Nnaji,"PF,C",DEN,15,14.6,0.479(1.5/3.1),0.621(0.9/1.4),0.6,4.4,1.9,0.8,0.7,1.3,0.4,-3.56
264,Jamison Battle, ,TOR,12,26.8,0.355(3.2/8.9),1.000(0.3/0.3),2.3,9.0,4.3,0.7,0.5,0.3,0.5,-3.61
R#,PLAYER,POS,TEAM,GP,MPG,FG%,FT%,3PM,PTS,TREB,AST,STL,BLK,TO,TOTAL
265,Ochai Agbaji,"SG,SF",TOR,6,22.3,0.438(3.5/8.0),1.000(0.8/0.8),1.2,9.0,4.5,1.8,0.2,0.2,0.8,-3.66
266,Jordan Clarkson,"SG,SF",UTA,5,22.2,0.412(4.2/10.2),0.760(3.8/5.0),1.6,13.8,3.0,2.8,0.8,0.2,4.0,-3.72
267,Marcus Sasser,PG,DET,8,12.0,0.554(2.6/4.8),0.867(1.6/1.9),1.5,8.4,1.0,1.9,0.5,0.0,0.8,-3.72
268,Grayson Allen,"PG,SG,SF",PHO,8,19.4,0.486(2.1/4.4),0.750(1.5/2.0),1.5,7.3,1.5,1.9,0.5,0.5,1.0,-3.75
269,Sandro Mamukelashvili,"PF,C",SA,15,11.4,0.530(2.9/5.5),0.646(0.7/1.1),1.5,8.1,3.3,1.1,0.4,0.3,0.3,-3.76
270,Jay Huff,C,MEM,12,10.7,0.491(2.3/4.6),0.840(0.4/0.5),1.2,6.1,2.1,0.5,0.3,0.8,0.3,-3.86
271,Branden Carlson, ,OKC,6,10.1,0.392(1.5/3.8),0.709(0.8/1.2),0.8,4.7,2.2,0.5,0.5,1.2,0.2,-3.90
272,Jordan Hawkins,SG,NO,15,25.2,0.396(4.1/10.3),0.719(1.2/1.7),2.3,11.6,3.5,1.5,0.4,0.3,1.4,-3.90
273,Oscar Tshiebwe,"PF,C",UTA,6,17.9,0.553(2.7/4.8),0.796(1.3/1.7),0.0,6.7,8.7,0.8,0.3,0.0,0.7,-3.91
274,Kyle Kuzma,"SF,PF",MIL,15,32.8,0.443(5.2/11.7),0.668(1.9/2.8),1.2,13.5,5.9,1.9,0.5,0.2,2.1,-3.93
275,Caleb Houstan,"SG,SF",ORL,12,14.6,0.567(2.2/3.8),1.000(0.3/0.3),1.9,6.5,1.3,0.6,0.7,0.0,0.2,-3.93
276,Marcus Garrett, ,CHA,4,19.8,0.407(2.8/6.8),0.750(0.8/1.0),0.8,7.0,1.5,3.3,0.8,0.5,1.5,-3.98
R#,PLAYER,POS,TEAM,GP,MPG,FG%,FT%,3PM,PTS,TREB,AST,STL,BLK,TO,TOTAL
277,Mason Plumlee,C,PHO,11,16.9,0.648(2.4/3.6),0.762(1.7/2.3),0.0,6.5,6.3,1.3,0.3,0.2,0.6,-3.99
278,Tidjane Salaun,PF,CHA,8,19.7,0.514(2.4/4.6),0.750(1.5/2.0),1.1,7.4,5.8,1.3,0.4,0.0,1.0,-3.99
279,Corey Kispert,"SG,SF",WAS,8,23.5,0.436(3.4/7.8),0.822(1.8/2.1),1.5,10.0,2.8,2.0,0.0,0.4,0.8,-3.99
280,Dominick Barlow,"PF,C",ATL,10,14.1,0.545(2.4/4.4),0.786(1.1/1.4),0.1,6.0,3.5,0.8,0.4,0.7,0.1,-4.00
281,Kyle Anderson,"SF,PF",MIA,11,16.1,0.509(2.4/4.6),0.859(0.6/0.6),0.3,5.5,3.0,2.7,0.7,0.2,0.8,-4.02
282,Jonathan Kuminga,"SF,PF",GS,8,23.3,0.437(4.8/10.9),0.745(4.4/5.9),0.4,14.3,3.6,2.8,0.9,0.1,1.4,-4.03
283,Cody Martin,"SG,SF",PHO,7,15.7,0.372(1.9/5.0),0.663(0.6/0.9),0.4,4.7,4.0,1.3,1.3,0.4,0.9,-4.05
284,Trey Lyles,"PF,C",SAC,14,18.7,0.431(2.4/5.6),0.684(0.9/1.4),0.9,6.7,5.1,2.0,0.6,0.2,0.6,-4.05
285,Collin Gillespie,PG,PHO,15,15.0,0.477(2.1/4.5),1.000(0.4/0.4),1.2,5.9,2.6,3.0,0.3,0.1,0.4,-4.06
286,Jonathan Mogbo,"PF,C",TOR,9,23.2,0.322(2.0/6.2),0.771(1.1/1.4),0.1,5.2,6.2,2.3,0.9,0.4,0.9,-4.09
287,Dalton Knecht,"SG,SF",LAL,17,20.0,0.478(3.9/8.2),0.590(0.6/1.0),2.1,10.6,2.8,1.3,0.3,0.1,0.5,-4.15
288,Vince Williams Jr.,"PG,SG,SF",MEM,13,20.6,0.409(2.8/6.8),1.000(0.5/0.5),1.2,7.2,3.6,2.2,0.4,0.2,1.3,-4.25
R#,PLAYER,POS,TEAM,GP,MPG,FG%,FT%,3PM,PTS,TREB,AST,STL,BLK,TO,TOTAL
289,Ayo Dosunmu,"PG,SG,SF",CHI,1,22.7,0.556(5.0/9.0),0.500(1.0/2.0),0.0,11.0,5.0,2.0,1.0,0.0,1.0,-4.29
290,Kenrich Williams,PF,OKC,15,20.1,0.466(2.3/5.0),0.690(0.6/0.9),1.1,6.3,3.9,2.1,0.4,0.2,0.5,-4.31
291,Jeremiah Robinson-Earl,"PF,C",NO,12,19.3,0.550(2.8/5.0),0.750(0.8/1.0),1.0,7.3,3.8,1.6,0.4,0.0,0.8,-4.33
292,Jalen Wilson,"SF,PF",BKN,17,20.6,0.386(2.6/6.7),0.878(2.5/2.9),1.4,9.1,2.8,1.2,0.4,0.1,0.8,-4.34
293,Scoot Henderson,PG,POR,15,27.2,0.382(4.5/11.9),0.706(2.4/3.4),1.6,13.1,3.1,4.7,0.6,0.1,2.9,-4.37
294,Josh Green,"SG,SF",CHA,13,26.2,0.386(2.5/6.4),0.620(0.6/1.0),1.2,6.8,2.2,1.9,1.2,0.2,1.2,-4.39
295,KJ Simpson,PG,CHA,4,23.9,0.385(2.5/6.5),0.875(1.8/2.0),1.5,8.3,1.8,3.3,0.5,0.0,2.3,-4.41
296,Goga Bitadze,C,ORL,14,13.2,0.542(1.4/2.6),0.613(1.1/1.9),0.1,4.1,3.6,1.6,0.6,0.9,0.6,-4.41
297,Thomas Bryant,C,IND,17,13.7,0.447(2.2/4.9),0.880(0.9/1.0),0.7,5.9,3.4,0.2,0.4,0.6,0.5,-4.46
298,Ron Holland II,SF,DET,15,16.2,0.624(3.2/5.1),0.696(1.7/2.4),0.3,8.4,2.7,1.6,0.5,0.3,1.1,-4.47
299,Jaylen Clark,SG,MIN,14,12.0,0.549(1.6/2.9),0.754(0.4/0.6),0.6,4.2,1.2,0.8,1.3,0.1,0.2,-4.48
300,Garrison Mathews,"SG,SF",ATL,3,10.1,0.500(2.0/4.0),0.000(0.0/0.3),1.7,5.7,1.3,1.0,0.0,1.0,0.0,-4.48
R#,PLAYER,POS,TEAM,GP,MPG,FG%,FT%,3PM,PTS,TREB,AST,STL,BLK,TO,TOTAL
301,Mo Bamba,C,NO,4,15.3,0.444(1.0/2.3),1.000(0.5/0.5),0.0,2.5,6.3,0.5,0.0,0.8,0.3,-4.50
302,Damion Baugh,SG,CHA,6,25.2,0.363(3.3/9.2),0.660(0.3/0.5),0.7,7.7,3.3,3.8,0.8,0.2,1.3,-4.60
303,Micah Potter,"PF,C",UTA,7,19.2,0.366(1.6/4.3),0.826(0.7/0.9),0.7,4.6,4.7,1.0,0.7,0.3,1.0,-4.62
304,Jalen Hood-Schifino,"PG,SG",PHI,7,21.9,0.358(2.7/7.6),0.754(1.3/1.7),1.3,8.0,1.6,2.3,0.4,0.7,1.1,-4.63
305,Jonathan Isaac,"SF,PF",ORL,12,11.0,0.368(0.9/2.5),0.600(0.8/1.3),0.3,2.9,2.4,0.4,1.2,0.8,0.3,-4.64
306,Dalano Banton,"SG,SF",POR,13,12.7,0.434(1.8/4.1),0.850(0.9/1.0),0.6,5.0,2.0,1.5,0.8,0.3,0.7,-4.64
307,Cameron Payne,"PG,SG",NY,14,16.1,0.371(2.4/6.4),1.000(0.1/0.1),1.3,6.1,1.6,3.1,0.6,0.2,0.9,-4.69
308,Elfrid Payton,PG,CHA,3,20.0,0.278(1.7/6.0),0.000(0.0/0.3),0.0,3.3,3.7,8.3,0.3,0.7,3.0,-4.72
309,Jusuf Nurkic,C,CHA,13,16.1,0.470(2.5/5.2),0.615(1.2/2.0),0.4,6.5,5.5,1.8,0.4,0.5,0.9,-4.73
310,Paul Reed,"PF,C",DET,6,8.2,0.600(1.5/2.5),1.000(0.3/0.3),0.3,3.7,2.7,0.8,0.8,0.2,0.7,-4.77
311,Nick Smith Jr.,"PG,SG",CHA,15,27.5,0.385(4.5/11.6),0.930(0.9/1.0),2.1,12.0,2.3,2.7,0.1,0.0,1.9,-4.80
312,Ricky Council IV,"SG,SF",PHI,15,24.4,0.354(3.5/9.8),0.782(2.4/3.1),1.1,10.5,4.1,1.9,0.4,0.3,0.9,-4.83
R#,PLAYER,POS,TEAM,GP,MPG,FG%,FT%,3PM,PTS,TREB,AST,STL,BLK,TO,TOTAL
313,Gui Santos,"SF,PF",GS,14,16.1,0.561(2.4/4.2),0.663(0.6/0.9),0.7,6.0,3.4,1.4,0.3,0.3,0.9,-4.84
314,A.J. Lawson,"SG,SF",TOR,13,23.7,0.379(3.6/9.5),0.681(1.6/2.4),1.7,10.5,3.8,1.2,0.5,0.3,0.6,-4.88
315,Anthony Davis,"PF,C",DAL,3,28.5,0.353(6.0/17.0),0.572(2.7/4.7),0.3,15.0,6.7,3.3,1.0,1.0,0.7,-4.89
316,Simone Fontecchio,"SF,PF",DET,15,15.1,0.521(2.3/4.5),0.667(0.4/0.6),1.1,6.1,2.5,0.9,0.6,0.1,0.4,-4.89
317,Jabari Walker,"SF,PF",POR,10,13.0,0.548(2.3/4.2),0.636(0.7/1.1),1.1,6.4,4.2,0.6,0.4,0.1,0.4,-4.89
318,Oshae Brissett,"SF,PF",PHI,6,23.7,0.488(3.2/6.5),0.571(1.3/2.3),1.0,8.7,3.7,0.7,0.7,0.5,1.3,-4.90
319,Antonio Reeves,SG,NO,9,14.9,0.572(2.7/4.7),0.718(0.6/0.8),1.6,7.4,1.3,0.7,0.4,0.1,1.1,-4.96
320,Moussa Diabate,C,CHA,15,12.2,0.602(2.3/3.9),0.726(0.5/0.7),0.0,5.2,3.7,0.8,0.5,0.3,0.6,-4.97
321,Harrison Ingram,SF,SA,1,6.7,1.000(1.0/1.0),0.000(0.0/0.0),0.0,2.0,3.0,1.0,1.0,0.0,0.0,-4.98
322,Wendell Moore Jr.,"SG,SF",CHA,8,16.3,0.501(1.9/3.8),0.603(0.4/0.6),0.6,4.8,3.3,1.6,0.5,0.3,0.9,-5.03
323,Jaylen Wells,SF,MEM,16,25.8,0.320(2.5/7.8),0.840(1.3/1.6),1.4,7.7,3.6,2.1,0.5,0.1,0.8,-5.07
324,AJ Green,"PG,SG",MIL,15,22.5,0.404(2.1/5.1),0.675(0.3/0.4),1.7,6.1,2.1,2.0,0.5,0.0,0.7,-5.08
R#,PLAYER,POS,TEAM,GP,MPG,FG%,FT%,3PM,PTS,TREB,AST,STL,BLK,TO,TOTAL
325,Dalen Terry,"SG,SF",CHI,15,14.7,0.450(2.1/4.6),0.783(0.5/0.6),0.9,5.5,2.1,1.5,0.7,0.1,0.7,-5.13
326,Neemias Queta,C,BOS,10,12.4,0.588(2.0/3.4),0.857(0.6/0.7),0.0,4.6,4.8,0.7,0.0,0.5,0.9,-5.14
327,Dean Wade,"SF,PF",CLE,16,18.8,0.436(1.7/3.9),0.684(0.1/0.2),1.3,4.8,2.8,0.7,0.4,0.3,0.4,-5.14
328,Kevin Love,"PF,C",MIA,4,11.1,0.375(1.5/4.0),0.750(0.8/1.0),0.8,4.5,4.3,0.8,0.3,0.5,0.3,-5.14
329,Aaron Holiday,"PG,SG",HOU,12,12.6,0.491(2.3/4.8),0.728(0.7/0.9),1.8,7.1,1.2,1.3,0.1,0.3,0.9,-5.16
330,Julian Phillips,"SF,PF",CHI,15,16.7,0.424(1.5/3.5),0.920(0.8/0.9),0.5,4.3,2.3,0.8,0.6,0.3,0.2,-5.18
331,Amir Coffey,"SF,PF",LAC,14,20.2,0.440(2.6/6.0),0.816(0.9/1.1),1.0,7.2,1.6,1.0,0.7,0.0,0.3,-5.33
332,Jack McVeigh, ,HOU,1,7.0,1.000(2.0/2.0),0.000(0.0/0.0),2.0,6.0,0.0,0.0,0.0,0.0,0.0,-5.34
333,Lester Quinones,"SG,SF",NO,1,10.9,0.667(2.0/3.0),0.000(0.0/0.0),1.0,5.0,0.0,0.0,1.0,0.0,1.0,-5.38
334,John Konchar,"SG,SF",MEM,11,12.0,0.451(0.8/1.8),1.000(0.2/0.2),0.6,2.4,2.9,0.8,0.6,0.3,0.5,-5.39
335,Patrick Williams,PF,CHI,10,21.3,0.422(2.7/6.4),0.462(0.6/1.3),1.0,7.0,3.1,1.8,0.7,0.4,1.3,-5.43
336,PJ Hall,C,DEN,4,5.1,0.800(2.0/2.5),0.000(0.0/0.0),0.5,4.5,1.5,0.3,0.0,0.5,0.0,-5.46
R#,PLAYER,POS,TEAM,GP,MPG,FG%,FT%,3PM,PTS,TREB,AST,STL,BLK,TO,TOTAL
337,Noah Clowney,"SF,PF,C",BKN,9,21.1,0.287(2.3/8.1),0.802(1.8/2.2),1.4,7.9,4.0,1.1,0.6,0.2,0.9,-5.49
338,Steven Adams,C,HOU,12,17.4,0.601(2.0/3.3),0.415(0.8/2.0),0.0,4.8,7.0,1.6,0.5,0.5,1.2,-5.53
339,Quenton Jackson, ,IND,8,8.5,0.392(1.1/2.9),0.840(0.6/0.8),0.4,3.3,1.3,2.1,1.0,0.0,0.4,-5.54
340,Dwight Powell,C,DAL,15,15.2,0.762(1.5/1.9),0.644(0.5/0.7),0.0,3.4,2.8,1.9,0.3,0.3,0.7,-5.61
341,Dante Exum,"PG,SG",DAL,7,18.3,0.435(2.9/6.6),1.000(0.7/0.7),1.1,7.6,1.4,1.6,0.3,0.0,1.1,-5.62
342,DeAndre Jordan,C,DEN,6,17.2,0.697(2.7/3.8),0.382(0.8/2.2),0.0,6.2,7.2,2.2,0.3,0.3,1.0,-5.65
343,Kevon Looney,"PF,C",GS,14,12.1,0.572(1.4/2.5),0.500(0.6/1.1),0.0,3.4,4.3,0.9,0.3,0.7,0.4,-5.66
344,Jae'Sean Tate,"SF,PF",HOU,8,8.8,0.500(1.0/2.0),1.000(0.5/0.5),0.3,2.8,2.8,0.6,0.3,0.4,0.1,-5.66
345,Maxwell Lewis,SF,BKN,12,14.7,0.437(2.0/4.6),0.500(0.3/0.5),1.0,5.3,2.5,0.8,0.5,0.3,0.5,-5.67
346,Ben Simmons,"PG,C",LAC,8,15.4,0.320(0.9/2.8),0.000(0.0/0.0),0.0,1.8,3.6,2.4,0.5,0.4,0.8,-5.69
347,Jaylen Martin, ,WAS,9,18.1,0.460(2.6/5.6),1.000(0.6/0.6),0.6,6.2,3.6,1.3,0.2,0.0,0.9,-5.73
348,Ben Sheppard,"SG,SF",IND,17,17.4,0.377(1.5/4.1),0.854(0.4/0.4),0.8,4.2,3.3,1.6,0.4,0.1,0.5,-5.73
R#,PLAYER,POS,TEAM,GP,MPG,FG%,FT%,3PM,PTS,TREB,AST,STL,BLK,TO,TOTAL
349,Jevon Carter,"PG,SG",CHI,4,9.0,0.417(1.3/3.0),0.000(0.0/0.0),0.5,3.0,1.0,1.3,0.5,0.5,0.0,-5.74
350,GG Jackson II,"SF,PF",MEM,9,16.3,0.338(2.2/6.6),0.876(0.8/0.9),1.1,6.3,3.3,1.1,0.4,0.2,1.0,-5.77
351,Jaime Jaquez Jr.,"SG,SF",MIA,13,15.1,0.465(2.2/4.6),0.670(0.8/1.2),0.3,5.4,3.2,1.8,0.4,0.3,1.5,-5.84
352,Jarace Walker,PF,IND,14,13.4,0.466(2.0/4.3),0.860(0.4/0.5),1.0,5.4,2.0,1.4,0.2,0.1,0.9,-5.95
353,Alex Ducas, ,OKC,3,7.5,0.670(0.7/1.0),0.000(0.0/0.0),0.7,2.0,1.3,0.3,1.0,0.0,0.7,-5.97
354,Terry Rozier,PG,MIA,11,19.0,0.329(2.3/6.9),0.847(1.0/1.2),1.0,6.5,2.3,2.0,0.6,0.0,0.9,-6.03
355,Malachi Flynn,PG,SA,4,10.9,0.385(1.3/3.3),0.833(1.3/1.5),0.3,4.0,1.8,1.8,0.8,0.0,1.0,-6.07
356,Blake Wesley,"PG,SG",SA,14,14.0,0.420(1.5/3.6),0.613(0.6/0.9),0.6,4.2,1.3,1.7,0.9,0.1,0.9,-6.08
357,Pat Connaughton,"SG,SF",MIL,4,7.5,0.444(1.0/2.3),1.000(0.5/0.5),0.0,2.5,2.5,1.5,0.3,0.3,0.3,-6.10
358,Shake Milton,"PG,SG",LAL,9,12.0,0.487(2.0/4.1),0.667(0.2/0.3),0.6,4.8,1.9,1.2,0.6,0.0,0.6,-6.12
359,Pelle Larsson,SG,MIA,13,13.7,0.415(1.9/4.5),0.690(0.7/1.0),0.7,5.1,1.5,1.3,0.6,0.2,0.4,-6.13
360,Ousmane Dieng,"SF,PF",OKC,7,10.2,0.598(1.7/2.9),0.000(0.0/0.0),0.9,4.3,1.6,0.4,0.3,0.1,0.4,-6.16
R#,PLAYER,POS,TEAM,GP,MPG,FG%,FT%,3PM,PTS,TREB,AST,STL,BLK,TO,TOTAL
361,Caleb Martin,"SG,SF",DAL,7,17.1,0.413(1.7/4.1),0.623(0.7/1.1),0.1,4.3,2.6,1.9,0.6,0.3,0.6,-6.18
362,Isaac Okoro,"SF,PF",CLE,16,17.1,0.471(2.0/4.3),0.690(0.7/1.0),0.7,5.4,2.1,0.8,0.4,0.2,0.5,-6.19
363,Landry Shamet,"PG,SG",NY,15,17.8,0.454(2.3/5.0),0.675(0.3/0.4),1.1,5.9,1.2,0.5,0.6,0.0,0.5,-6.19
364,Seth Curry,SG,CHA,13,16.7,0.443(2.2/4.9),1.000(0.3/0.3),1.1,5.7,1.6,1.3,0.2,0.0,0.5,-6.24
365,Christian Koloko,C,LAL,5,14.4,0.526(2.0/3.8),0.500(0.2/0.4),0.0,4.2,3.6,0.8,0.0,0.6,1.0,-6.24
366,Kenyon Martin Jr.,"SF,PF",UTA,13,21.2,0.464(2.0/4.3),0.750(0.7/0.9),0.2,4.9,2.6,1.4,0.2,0.3,0.6,-6.26
367,Jock Landale,C,HOU,7,11.5,0.650(2.1/3.3),1.000(0.1/0.1),0.1,4.6,2.7,0.4,0.3,0.0,0.6,-6.30
368,Hunter Tyson,"SF,PF",DEN,7,7.6,0.440(1.6/3.6),1.000(0.3/0.3),0.7,4.1,1.7,0.7,0.4,0.1,0.1,-6.32
369,JT Thor,PF,WAS,6,17.5,0.392(1.8/4.7),0.504(0.7/1.3),0.2,4.5,3.5,0.7,0.7,0.5,0.0,-6.34
370,Garrett Temple,SG,TOR,8,14.5,0.222(0.8/3.4),0.840(0.6/0.8),0.5,2.6,1.8,1.9,1.0,0.0,0.8,-6.41
371,Jamaree Bouyea,PG,MIL,1,4.6,1.000(1.0/1.0),0.000(0.0/0.0),0.0,2.0,0.0,1.0,1.0,0.0,1.0,-6.43
372,Lamar Stevens,"SF,PF",MEM,11,9.8,0.399(1.3/3.2),0.780(0.6/0.8),0.5,3.6,2.6,0.5,0.4,0.3,0.6,-6.44
R#,PLAYER,POS,TEAM,GP,MPG,FG%,FT%,3PM,PTS,TREB,AST,STL,BLK,TO,TOTAL
373,Jalen Pickett,"PG,SG",DEN,15,13.3,0.383(1.3/3.5),0.538(0.1/0.1),0.9,3.6,1.3,2.1,0.5,0.0,0.5,-6.44
374,Tyson Etienne, ,BKN,1,9.9,0.429(3.0/7.0),0.000(0.0/0.0),2.0,8.0,0.0,1.0,0.0,0.0,0.0,-6.48
375,Bronny James Jr.,SG,LAL,6,10.5,0.418(1.7/4.0),1.000(0.8/0.8),0.7,4.8,1.0,1.0,0.2,0.2,0.8,-6.48
376,Precious Achiuwa,"PF,C",NY,13,11.9,0.501(1.9/3.7),0.704(0.4/0.5),0.0,4.1,3.6,0.5,0.3,0.2,0.5,-6.53
377,Cam Spencer,SG,MEM,10,7.9,0.407(1.1/2.7),1.000(0.8/0.8),0.8,3.8,1.0,0.9,0.3,0.0,0.0,-6.57
378,Gary Harris,"PG,SG",ORL,10,14.1,0.300(0.6/2.0),0.500(0.1/0.2),0.4,1.7,1.9,1.0,0.6,0.3,0.1,-6.59
379,Trevelin Queen,SG,ORL,3,7.5,0.300(1.0/3.3),1.000(0.7/0.7),0.3,3.0,1.7,0.3,1.0,0.0,0.7,-6.60
380,Reece Beekman,PG,BKN,6,14.6,0.223(0.7/3.0),0.880(1.2/1.3),0.3,2.8,1.5,1.0,1.0,0.0,0.5,-6.60
381,Cody Williams,SF,UTA,17,22.5,0.337(2.1/6.1),0.723(0.5/0.7),1.0,5.6,2.1,0.9,0.4,0.3,0.9,-6.64
382,Jeff Green,"PF,C",HOU,8,10.9,0.468(0.9/1.9),1.000(0.3/0.3),0.6,2.6,2.0,0.6,0.1,0.3,0.4,-6.64
383,Tony Bradley, ,IND,8,6.1,0.790(1.9/2.4),0.000(0.0/0.3),0.1,3.9,1.9,0.4,0.1,0.4,0.5,-6.67
384,Tyrese Maxey,"PG,SG",PHI,2,31.5,0.148(2.0/13.5),1.000(0.5/0.5),0.5,5.0,1.5,8.5,1.5,0.0,1.0,-6.68
R#,PLAYER,POS,TEAM,GP,MPG,FG%,FT%,3PM,PTS,TREB,AST,STL,BLK,TO,TOTAL
385,Tristan da Silva,SF,ORL,13,14.1,0.345(1.5/4.2),1.000(0.5/0.5),0.7,4.2,2.2,0.9,0.2,0.2,0.4,-6.69
386,Svi Mykhailiuk,"SG,SF",UTA,8,17.3,0.313(1.9/6.0),1.000(0.4/0.4),1.1,5.3,1.8,2.1,0.3,0.0,0.8,-6.74
387,Patty Mills,"PG,SG",LAC,5,3.8,0.800(0.8/1.0),1.000(1.4/1.4),0.8,3.8,0.0,0.2,0.0,0.0,0.0,-6.76
388,Cole Swider,PF,DET,2,19.4,0.417(2.5/6.0),0.000(0.0/0.5),1.0,6.0,1.5,0.0,0.5,0.5,0.0,-6.84
389,Jordan Walsh,"SG,SF",BOS,6,8.4,0.497(0.8/1.7),0.000(0.0/0.0),0.3,2.0,2.2,0.7,0.2,0.3,0.5,-6.85
390,Kris Murray,"SF,PF",POR,12,16.8,0.341(1.4/4.2),0.340(0.2/0.5),0.3,3.3,3.6,0.8,0.9,0.1,0.9,-6.90
391,Jordan McLaughlin,"PG,SG",SA,6,5.3,0.624(0.8/1.3),1.000(0.8/0.8),0.3,2.8,0.5,1.2,0.2,0.0,0.2,-6.95
392,Isaac Jones,C,SAC,10,5.5,0.765(1.3/1.7),0.900(0.9/1.0),0.1,3.6,1.2,0.3,0.1,0.1,0.2,-7.00
393,Delon Wright,"PG,SG",NY,5,10.7,0.545(1.2/2.2),0.000(0.0/0.0),0.6,3.0,1.0,1.6,0.2,0.0,0.8,-7.10
394,Dillon Jones,SF,OKC,10,11.1,0.423(1.1/2.6),0.750(0.3/0.4),0.3,2.8,1.9,1.0,0.5,0.0,0.4,-7.11
395,Olivier-Maxence Prosper,PF,DAL,3,18.4,0.455(1.7/3.7),0.700(2.3/3.3),0.7,6.3,2.3,1.0,0.3,0.0,0.0,-7.17
396,Spencer Jones, ,DEN,8,8.8,0.413(0.9/2.1),1.000(0.4/0.4),0.0,2.1,1.0,0.4,0.3,0.4,0.4,-7.26
R#,PLAYER,POS,TEAM,GP,MPG,FG%,FT%,3PM,PTS,TREB,AST,STL,BLK,TO,TOTAL
397,Anthony Gill,"PF,C",WAS,9,11.2,0.590(1.4/2.4),0.747(1.3/1.8),0.2,4.4,1.8,0.8,0.2,0.0,0.4,-7.29
398,RayJ Dennis, ,IND,1,7.5,0.200(1.0/5.0),0.000(0.0/0.0),0.0,2.0,2.0,3.0,1.0,0.0,1.0,-7.33
399,Josh Minott,"SF,PF",MIN,7,4.5,0.497(0.7/1.4),1.000(0.3/0.3),0.4,2.1,0.7,0.3,0.4,0.1,0.4,-7.36
400,Drew Eubanks,C,LAC,10,7.6,0.474(0.9/1.9),0.750(0.9/1.2),0.0,2.7,2.8,0.4,0.1,0.3,0.4,-7.37
401,Trey Jemison,C,LAL,8,13.9,0.613(1.4/2.3),0.507(0.4/0.8),0.0,3.1,3.1,0.3,0.0,0.4,0.5,-7.37
402,Johnny Furphy,SG,IND,7,5.3,0.430(0.4/1.0),0.000(0.0/0.0),0.1,1.0,1.7,0.0,0.6,0.1,0.0,-7.38
403,Markieff Morris,PF,LAL,4,17.7,0.286(2.0/7.0),0.750(0.8/1.0),0.8,5.5,2.5,2.0,0.0,0.3,0.0,-7.44
404,Craig Porter Jr.,"PG,SG",CLE,9,7.5,0.500(0.8/1.6),0.657(0.4/0.7),0.2,2.2,1.1,1.1,0.3,0.2,0.3,-7.44
405,Doug McDermott,"SG,SF",SAC,6,6.1,0.470(1.3/2.8),0.000(0.0/0.0),1.2,3.8,0.2,0.0,0.0,0.2,0.0,-7.45
406,Lindy Waters III,"SG,SF",DET,7,4.8,0.500(1.0/2.0),0.000(0.0/0.0),0.9,2.9,0.3,0.6,0.3,0.0,0.4,-7.46
407,Leonard Miller,PF,MIN,2,2.4,1.000(1.0/1.0),0.000(0.0/0.0),0.0,2.0,0.5,0.0,0.5,0.0,0.0,-7.50
408,Markelle Fultz,"PG,SG",SAC,14,8.2,0.402(1.3/3.2),1.000(0.1/0.1),0.2,2.9,0.8,1.3,0.4,0.1,0.6,-7.52
R#,PLAYER,POS,TEAM,GP,MPG,FG%,FT%,3PM,PTS,TREB,AST,STL,BLK,TO,TOTAL
409,Javonte Green,"SG,SF,PF",CLE,10,8.8,0.382(1.3/3.4),0.500(0.4/0.8),0.8,3.8,2.5,0.7,0.4,0.0,0.3,-7.53
410,Tyler Kolek,PG,NY,8,10.6,0.315(0.8/2.4),0.397(0.3/0.6),0.1,1.9,0.4,3.9,0.4,0.1,0.1,-7.58
411,Dariq Whitehead,"SG,SF",BKN,4,13.6,0.300(1.5/5.0),0.000(0.0/0.0),1.3,4.3,1.8,0.5,0.3,0.0,0.3,-7.59
412,Torrey Craig,"SF,PF",BOS,9,8.3,0.474(1.0/2.1),0.629(0.6/0.9),0.7,3.2,1.9,0.2,0.2,0.1,0.1,-7.60
413,Jordan Miller,SF,LAC,4,9.8,0.600(0.8/1.3),0.000(0.0/0.0),0.0,1.5,1.5,0.3,0.5,0.0,0.5,-7.69
414,Talen Horton-Tucker,"PG,SG",CHI,8,9.7,0.420(1.6/3.9),0.333(0.3/0.8),0.5,4.0,1.5,1.3,0.3,0.3,0.6,-7.69
415,Isaiah Stevens, ,MIA,1,2.0,0.000(0.0/0.0),0.000(0.0/0.0),0.0,0.0,0.0,0.0,1.0,0.0,0.0,-7.70
416,Devin Carter,PG,SAC,12,10.8,0.498(1.3/2.7),0.454(0.8/1.8),0.4,3.9,1.8,1.1,0.9,0.0,0.4,-7.74
417,Jamal Cain,"SF,PF",NO,7,7.8,0.333(0.6/1.7),0.623(0.7/1.1),0.4,2.3,1.0,0.7,0.6,0.1,0.3,-7.81
418,Luka Garza,C,MIN,8,6.2,0.559(1.8/3.1),0.638(0.9/1.4),0.5,4.9,0.6,0.4,0.3,0.0,0.3,-7.87
419,Cam Christie,SG,LAC,2,4.8,0.333(0.5/1.5),0.000(0.0/0.0),0.0,1.0,0.5,1.5,0.5,0.0,0.0,-7.94
420,Taj Gibson,"PF,C",CHA,4,7.3,0.667(1.5/2.3),0.000(0.0/0.0),0.0,3.0,1.5,0.5,0.0,0.0,0.3,-7.96
R#,PLAYER,POS,TEAM,GP,MPG,FG%,FT%,3PM,PTS,TREB,AST,STL,BLK,TO,TOTAL
421,Tosan Evbuomwan,"SF,PF",BKN,1,14.6,0.333(1.0/3.0),0.500(1.0/2.0),1.0,4.0,3.0,3.0,0.0,0.0,0.0,-8.03
422,Andre Jackson Jr.,"SG,SF",MIL,7,3.7,0.497(0.7/1.4),0.483(0.1/0.3),0.3,1.9,1.1,0.3,0.4,0.0,0.3,-8.12
423,Keaton Wallace,PG,ATL,4,9.5,0.333(1.3/3.8),0.000(0.0/0.0),0.8,3.3,0.8,1.8,0.0,0.0,0.3,-8.13
424,Xavier Tillman Sr.,"PF,C",BOS,1,6.5,0.500(2.0/4.0),0.000(0.0/0.0),1.0,5.0,0.0,0.0,0.0,0.0,1.0,-8.13
425,Josh Okogie,"SG,SF",CHA,1,15.9,0.000(0.0/2.0),0.750(3.0/4.0),0.0,3.0,1.0,1.0,1.0,0.0,0.0,-8.13
426,Malaki Branham,"PG,SG",SA,6,4.6,0.599(1.0/1.7),0.602(0.5/0.8),0.7,3.2,0.5,0.3,0.2,0.0,0.3,-8.15
427,Marvin Bagley III,"PF,C",MEM,6,7.9,0.382(0.8/2.2),0.746(0.5/0.7),0.2,2.3,1.8,0.0,0.0,0.3,0.0,-8.17
428,Tristan Thompson,"PF,C",CLE,7,4.8,0.550(0.7/1.3),0.000(0.0/0.0),0.0,1.4,2.0,0.4,0.0,0.1,0.0,-8.19
429,Alex Len,C,LAL,6,12.2,0.461(1.0/2.2),0.254(0.2/0.7),0.2,2.3,3.3,0.8,0.2,0.2,1.0,-8.20
430,Terrence Shannon Jr.,SG,MIN,11,10.1,0.405(1.2/2.9),0.333(0.1/0.3),0.6,3.0,1.1,0.9,0.1,0.1,0.3,-8.21
431,Dario Saric,"PF,C",DEN,1,3.6,0.500(1.0/2.0),0.000(0.0/0.0),1.0,3.0,0.0,0.0,0.0,0.0,0.0,-8.23
432,JD Davison,"PG,SG",BOS,5,3.9,0.571(0.8/1.4),0.500(0.2/0.4),0.4,2.2,0.8,0.6,0.2,0.0,0.2,-8.26
R#,PLAYER,POS,TEAM,GP,MPG,FG%,FT%,3PM,PTS,TREB,AST,STL,BLK,TO,TOTAL
433,Bobi Klintman,PF,DET,2,3.5,0.000(0.0/0.0),0.000(0.0/0.0),0.0,0.0,1.0,0.0,0.0,0.5,0.5,-8.29
434,Adam Flagler, ,OKC,10,5.1,0.278(0.5/1.8),0.000(0.0/0.0),0.3,1.3,1.1,0.8,0.2,0.1,0.2,-8.33
435,Bones Hyland,"PG,SG",MIN,3,5.1,0.670(0.7/1.0),0.000(0.0/0.0),0.3,1.7,0.0,1.3,0.0,0.0,0.3,-8.34
436,Rob Dillingham,PG,MIN,9,6.0,0.445(0.9/2.0),0.000(0.0/0.2),0.1,1.9,0.7,1.0,0.4,0.1,0.6,-8.37
437,Vlatko Cancar,PF,DEN,7,10.2,0.251(0.4/1.7),0.000(0.0/0.0),0.1,1.0,3.0,1.0,0.1,0.0,0.9,-8.39
438,Stanley Umude,SF,MIL,1,4.6,0.000(0.0/3.0),0.000(0.0/0.0),0.0,0.0,1.0,1.0,0.0,1.0,0.0,-8.42
439,Gradey Dick,"SG,SF",TOR,2,25.5,0.333(2.5/7.5),0.500(1.0/2.0),1.5,7.5,5.0,0.5,0.0,0.0,0.5,-8.50
440,Jaden Springer,SG,UTA,7,9.1,0.333(0.6/1.7),0.500(0.6/1.1),0.1,1.9,1.1,1.3,0.3,0.3,0.6,-8.53
441,Skal Labissiere, ,SAC,3,4.0,0.504(0.7/1.3),0.000(0.0/0.0),0.3,1.7,1.0,0.3,0.0,0.0,0.0,-8.58
442,MarJon Beauchamp,"SG,SF",NY,4,2.5,0.375(0.8/2.0),0.000(0.0/0.0),0.3,1.8,1.0,0.0,0.3,0.0,0.3,-8.60
443,Mason Jones,SG,SAC,3,3.5,0.000(0.0/0.7),1.000(0.7/0.7),0.0,0.7,0.3,0.3,0.0,0.3,0.0,-8.60
444,Cam Reddish,"SG,SF",LAL,2,14.5,0.125(0.5/4.0),0.000(0.0/0.0),0.0,1.0,2.0,0.0,1.0,0.0,0.0,-8.74
R#,PLAYER,POS,TEAM,GP,MPG,FG%,FT%,3PM,PTS,TREB,AST,STL,BLK,TO,TOTAL
445,Jett Howard,SF,ORL,8,8.4,0.242(0.9/3.6),0.000(0.0/0.0),0.4,2.1,0.8,0.3,0.4,0.1,0.3,-8.80
446,Kobe Brown,PF,LAC,10,5.0,0.400(0.4/1.0),0.500(0.1/0.2),0.0,0.9,0.8,0.4,0.2,0.1,0.2,-8.82
447,Damion Lee,"SG,SF",PHO,4,3.8,0.429(0.8/1.8),0.000(0.0/0.0),0.5,2.0,0.5,0.3,0.0,0.0,0.5,-8.87
448,Jahmir Young, ,CHI,1,2.4,0.000(0.0/0.0),0.000(0.0/0.0),0.0,0.0,1.0,1.0,0.0,0.0,0.0,-8.88
449,David Duke Jr., ,SA,1,2.3,0.000(0.0/0.0),0.000(0.0/0.0),0.0,0.0,1.0,1.0,0.0,0.0,0.0,-8.88
450,Drew Peterson, ,BOS,5,4.1,0.000(0.0/0.6),0.000(0.0/0.0),0.0,0.0,0.6,0.4,0.4,0.0,0.0,-8.91
451,Chris Livingston,"SF,PF",MIL,5,4.1,0.333(0.4/1.2),0.750(0.6/0.8),0.0,1.4,1.0,0.2,0.2,0.0,0.0,-8.98
452,Kevin Knox II,"SF,PF",GS,5,5.3,0.286(0.4/1.4),0.500(0.2/0.4),0.0,1.0,0.8,0.2,0.0,0.4,0.0,-8.99
453,Miles Norris, ,BOS,1,4.0,0.000(0.0/0.0),0.000(0.0/0.0),0.0,0.0,2.0,0.0,0.0,0.0,0.0,-8.99
454,Nate Williams,"PG,SG",HOU,6,7.0,0.187(0.5/2.7),0.746(0.5/0.7),0.2,1.7,0.3,0.2,0.3,0.2,0.7,-9.37
455,Keshad Johnson,PF,MIA,1,2.0,0.000(0.0/0.0),0.000(0.0/0.0),0.0,0.0,1.0,0.0,0.0,0.0,0.0,-9.38
456,Anton Watson, ,NY,7,2.6,0.500(0.6/1.1),0.000(0.0/0.0),0.0,1.1,0.3,0.3,0.0,0.0,0.3,-9.38
457,TyTy Washington Jr.,PG,PHO,4,2.9,0.250(0.3/1.0),0.000(0.0/0.0),0.3,0.8,0.0,0.8,0.0,0.0,0.3,-9.40
458,Kevin McCullar Jr.,SF,NY,1,3.2,0.500(1.0/2.0),0.000(0.0/0.0),0.0,2.0,0.0,0.0,0.0,0.0,0.0,-9.40
459,Julian Strawther,SG,DEN,2,20.5,0.364(2.0/5.5),0.667(1.0/1.5),0.0,5.0,0.5,0.5,0.5,0.0,1.5,-9.42
460,Pat Spencer, ,GS,8,3.8,0.362(0.5/1.4),0.000(0.0/0.0),0.0,1.0,0.6,0.1,0.1,0.0,0.3,-9.43
461,Jesse Edwards,C,MIN,2,2.3,0.000(0.0/0.0),0.000(0.0/0.0),0.0,0.0,0.0,0.5,0.0,0.0,0.0,-9.52
462,Isaiah Crawford, ,SAC,9,2.4,0.393(0.2/0.6),0.500(0.1/0.2),0.1,0.7,0.1,0.1,0.0,0.1,0.1,-9.53
463,Terry Taylor,PF,SAC,3,2.1,0.000(0.0/0.3),0.000(0.0/0.0),0.0,0.0,0.3,0.7,0.0,0.0,0.0,-9.53
464,Trayce Jackson-Davis,"PF,C",GS,6,3.4,0.500(0.5/1.0),0.330(0.3/1.0),0.0,1.3,1.2,0.5,0.0,0.3,0.0,-9.65
465,Vasilije Micic,"PG,SG",PHO,3,3.6,0.000(0.0/0.0),0.000(0.0/0.0),0.0,0.0,0.7,0.0,0.0,0.0,0.7,-9.69
466,Jaylon Tyson,SG,CLE,4,2.7,0.143(0.3/1.8),1.000(0.5/0.5),0.0,1.0,0.3,0.5,0.0,0.0,0.0,-9.70
467,Sidy Cissoko,"SF,PF",POR,3,2.2,0.000(0.0/0.0),0.000(0.0/0.0),0.0,0.0,0.3,0.0,0.0,0.0,0.3,-9.74
468,Justin Minaya,"SG,SF",POR,5,1.8,0.333(0.2/0.6),0.000(0.0/0.0),0.0,0.4,0.2,0.0,0.0,0.0,0.0,-9.76
469,P.J. Tucker,SF,NY,1,1.8,0.000(0.0/0.0),0.000(0.0/0.0),0.0,0.0,0.0,0.0,0.0,0.0,0.0,-9.77
470,Jalen McDaniels,"SF,PF",SAC,1,0.6,0.000(0.0/0.0),0.000(0.0/0.0),0.0,0.0,0.0,0.0,0.0,0.0,0.0,-9.77
471,Emanuel Miller, ,CHI,1,2.4,0.000(0.0/0.0),0.000(0.0/0.0),0.0,0.0,0.0,0.0,0.0,0.0,0.0,-9.77
472,Tyler Smith,PF,MIL,5,2.7,0.200(0.2/1.0),0.000(0.0/0.0),0.2,0.6,0.2,0.0,0.0,0.0,0.0,-9.79
473,Trey Alexander,SG,DEN,2,4.8,0.400(1.0/2.5),0.500(0.5/1.0),0.0,2.5,0.0,1.5,0.0,0.0,0.0,-9.89
474,Pete Nance, ,MIL,2,4.6,0.333(0.5/1.5),0.000(0.0/0.0),0.0,1.0,0.0,0.0,0.0,0.0,0.0,-9.92
475,Rayan Rupert,"SG,SF",POR,6,2.1,0.000(0.0/0.3),0.000(0.0/0.0),0.0,0.0,0.0,0.0,0.0,0.0,0.5,-10.13
476,Jae Crowder,"SF,PF",SAC,1,6.6,0.000(0.0/2.0),0.000(0.0/0.0),0.0,0.0,1.0,1.0,0.0,0.0,0.0,-10.22
477,Pacome Dadiet,SF,NY,2,2.2,0.000(0.0/0.5),0.000(0.0/0.0),0.0,0.0,0.0,0.0,0.0,0.0,0.5,-10.25
478,James Johnson,PF,IND,2,2.3,0.000(0.0/1.0),0.000(0.0/0.0),0.0,0.0,0.5,0.0,0.0,0.0,0.0,-10.25
479,Bryce McGowens,"SG,SF",POR,5,2.3,0.000(0.0/1.4),0.000(0.0/0.0),0.0,0.0,0.4,0.2,0.0,0.0,0.2,-10.51
480,Mac McClung,"PG,SG",ORL,1,5.4,0.000(0.0/2.0),0.000(0.0/0.0),0.0,0.0,0.0,1.0,0.0,0.0,0.0,-10.62
481,Joe Ingles,"SG,SF",MIN,2,3.1,0.000(0.0/1.5),0.000(0.0/0.0),0.0,0.0,0.0,0.5,0.0,0.0,0.5,-10.67
482,Josh Christopher,"PG,SG",MIA,1,2.0,0.000(0.0/2.0),0.000(0.0/0.0),0.0,0.0,1.0,0.0,0.0,0.0,0.0,-10.72
483,EJ Liddell,PF,CHI,1,2.4,0.000(0.0/2.0),0.000(0.0/0.0),0.0,0.0,0.0,0.0,0.0,0.0,0.0,-11.12